seq339,name,year,ethref,latitude,longitude,wldsec,subpop,fishing,cmat,crr,density,density_per_km2,nomov,dismov,distance_km_year,km_per_move,tlpop
6,Jarwa,1906,Temple 1903 Radcliffe-Brown 1948,12.19,92.37,asia,n,30.0,26.59083333,2301.479,44.65,0.4465,9.0,59.0,94.95129600000001,10.550144000000001,255.0
8,Andamanese_North,1870,,13.32,92.89,asia,n,5.0,26.35916667,1752.742,33.38,0.33380000000000004,12.0,76.0,122.31014400000001,10.192512,464.0
31,Akuriyo,1968,,3.0,-55.0,SoAmer,n,5.0,26.645,2039.065,7.04,0.0704,49.0,285.0,458.66304,9.360470204081633,66.0
34,Nukak (Macu),1990,Poltis 1992,2.56,-71.81,SoAmer,n,13.0,23.1025,2470.542,9.34,0.0934,55.0,225.0,362.10240000000005,6.583680000000001,282.0
45,Tehuelche,1870,Boschin & Macuzzi 1979 Cooper 1946,-46.0,-68.7,SoAmer,n,5.0,11.85666667,182.159,1.89,0.0189,17.0,360.0,579.36384,34.08022588235294,9000.0
48,Ona-(Selknam),1880,Chapman 1982 Gusinde 1931,-53.9,-68.62,SoAmer,n,20.0,5.2775,476.323,7.27,0.0727,24.0,320.0,514.99008,21.45792,3497.0
57,Hukwe,1950,Clark 1951,-16.93,24.32,Africa,n,5.0,22.31916667,763.684,2.9,0.028999999999999998,8.0,125.0,201.168,25.146,124.0
59,Hadza_(Kindiga),1910,"O'Connell pers.comm 1977, O'Connel et al. 1991",-3.82,35.32,Africa,n,0.0,19.605,780.649,24.0,0.24,7.0,80.0,128.74752,18.39250285714286,600.0
62,!Kung-Nyae_Nyae_&_Dobe,1950,Howell 1979 Yellen 1977 Brooks et al. 1984 Gold & Yellen 1987 Lee 1979,-20.0,21.18,Africa,n,0.0,20.6,405.602,6.6,0.066,5.5,75.0,120.70080000000002,21.945600000000002,726.0
64,Gwi,1962,"Hitchcock pers, comm. 1990 Weissner & Hitchcock pers. Comm. 1991",-22.46,23.39,Africa,n,0.0,19.3475,333.841,2.93,0.029300000000000003,11.5,270.0,434.52288000000004,37.78459826086957,528.0
66,!Ko,1968,Hitchcock pers. Comm. 1990 Eibl-Eibesfeldt 1972,-23.86,22.2,Africa,n,0.0,18.54166667,281.502,1.03,0.0103,12.0,310.0,498.89664000000005,41.574720000000006,122.0
67,Auni-Khomani,1920,,-27.37,19.82,Africa,n,0.0,18.265,123.77,0.64,0.0064,13.0,352.0,566.489088,43.5760836923077,364.0
76,Murngin_(Yolngu)no-Terr,1930,,-12.93,135.84,Aust.,n,10.0,27.085,1245.7,11.76,0.1176,15.0,160.0,257.49504,17.166336,588.0
77,Jeidji-Forest-R-W-Aust,1920,,-15.55,128.19,Aust.,n,25.0,28.92083333,638.82,17.0,0.17,14.0,218.0,350.836992,25.059785142857145,442.0
78,Wikmunkun-Queensland,1920,,-13.47,142.0,Aust.,n,20.0,25.88583333,1750.102,19.31,0.1931,14.0,238.0,383.02387200000004,27.358848000000002,1602.0
79,Kakadu-No-Territory,1920,,-13.13,132.95,Aust.,n,25.0,26.60916667,1315.8,8.8,0.08800000000000001,12.0,150.0,241.40160000000003,20.1168,528.0
82,Yir-Yoront-Queensland,1937,Peterson & Long 1986,-15.0,142.17,Aust.,n,10.0,26.82833333,1145.51,8.0,0.08,13.0,145.0,233.35488,17.950375384615384,104.0
83,Tiwi-No-Territory,1920,Hart 1970 Hart & Pilling 1960 Peterson & Long 1986,-11.59,130.87,Aust.,n,35.0,25.92,1681.39,37.5,0.375,10.0,75.0,120.70080000000002,12.07008,2662.0
88,Worora-West-Australia,1930,,-15.32,124.72,Aust.,n,10.0,26.315,1280.671,11.0,0.11,13.0,150.0,241.40160000000003,18.56935384615385,1114.0
94,Kariera-West-Australia,1910,,-20.88,118.27,Aust.,n,35.0,25.2875,303.862,9.5,0.095,8.0,130.0,209.21472,26.15184,1111.0
96,Djaru-West-Australia,1934,,-19.16,130.0,Aust.,n,5.0,25.41083333,413.866,3.98,0.0398,13.0,350.0,563.2704,43.32849230769231,1345.0
97,Walbiri-No-Territory,1965,Meggitt 1962,-20.0,130.57,Aust.,n,0.0,25.23083333,334.5,1.16,0.0116,14.0,380.0,611.5507200000001,43.68219428571429,1598.0
99,Mardudjara-West-Austral,1960,Peterson & Long 1986,-22.79,125.06,Aust.,n,0.0,24.63083333,298.01,0.75,0.0075,15.0,416.0,669.487104,44.632473600000004,169.0
100,Ildawongga-West-Austral,1968,Peterson & Long 1986,-22.93,127.18,Aust.,n,0.0,24.0375,317.08,0.45,0.0045000000000000005,15.0,380.0,611.5507200000001,40.770048,354.0
101,Pintubi-No-Territory,1936,Myers 1986 Gargett & Hayden 1991 (settled) Hayden pers. Comm. 1992,-22.86,129.44,Aust.,n,0.0,23.70666667,314.47,1.5,0.015,15.0,325.0,523.0368000000001,34.86912,343.0
103,Jinibarra-Queensland,1840,,-27.25,152.87,Aust.,n,15.0,20.54666667,1018.202,16.0,0.16,8.0,32.0,51.499008,6.437376,219.0
104,Karuwali-Queensland,1900,,-24.41,141.64,Aust.,n,0.0,22.9025,248.911,2.0,0.02,13.0,275.0,442.56960000000004,34.043815384615385,660.0
105,Alyawara-No-Territory,1965,O'Connell 1987 Denham 1975,-22.27,135.17,Aust.,n,0.0,22.1875,300.308,1.21,0.0121,14.0,325.0,523.0368000000001,37.359771428571435,560.0
106,Ngatatjara-West-Austral,1968,Gould 1971 Gould 1977 (various sites),-25.32,127.27,Aust.,n,0.0,22.46166667,244.47,0.4,0.004,14.0,373.0,600.2853120000001,42.87752228571429,312.0
108,Pitjandjara-Nt&so-Aust,1968,Tindale 1972,-26.0,130.0,Aust.,n,0.0,22.0125,245.37,0.6,0.006,15.0,289.0,465.10041600000005,31.006694400000004,358.0
111,Jankundjara-So.Australia,1922,Tindale pers. Comm. 1966,-27.0,131.95,Aust.,n,0.0,20.74083333,189.27,1.0,0.01,12.0,298.0,479.584512,39.965376,572.0
112,No-Arenda-No-Territory,1900,Spencer & Gillen 1927,-23.7,133.76,Aust.,n,0.0,20.84333333,277.63,2.66,0.026600000000000002,14.0,285.0,458.66304,32.76164571428571,2045.0
114,Nakako-West-Australia,1912,Peterson & Long 1986,-27.31,128.19,Aust.,n,5.0,20.24833333,213.8,0.87,0.0087,17.0,360.0,579.36384,34.08022588235294,429.0
117,Kaurna-So-Australia,1840,,-34.56,138.4,Aust.,n,35.0,17.18,535.6,18.0,0.18,8.0,100.0,160.9344,20.1168,1296.0
129,Kiliwa,1880,Meigs 1939,31.44,-115.25,NoAmer,n,30.0,19.47416667,203.876,12.25,0.1225,7.0,90.0,144.84096,20.691565714285712,445.0
130,Diegueno_(Southern),1850,,32.44,-116.49,NoAmer,n,20.0,17.2375,275.411,18.1,0.18100000000000002,7.0,80.0,128.74752,18.39250285714286,3000.0
131,Lake_Yokuts,1860,,36.0,-119.83,NoAmer,n,30.0,18.33416667,168.284,38.1,0.381,1.0,4.0,6.437376,6.437376,6500.0
132,Serrano,1870,,34.52,-117.0,NoAmer,n,0.0,17.47583333,235.345,17.58,0.17579999999999998,7.0,90.0,144.84096,20.691565714285712,3500.0
133,Luiseno,1860,,33.42,-117.3,NoAmer,n,25.0,16.89416667,314.334,67.9,0.679,2.0,18.0,28.968192000000002,14.484096000000001,5500.0
134,Wukchumi,1860,Gayton 1948a,36.45,-118.96,NoAmer,n,15.0,17.40833333,654.232,24.21,0.2421,5.0,50.0,80.4672,16.09344,92.0
135,Tubatulabal,1850,Voegelin 1938,36.0,-118.32,NoAmer,n,15.0,17.63416667,211.465,17.2,0.172,9.0,110.0,177.02784000000003,19.669760000000004,1000.0
136,Nomlaki-Western_Wintun,1850,Goldschmidt pers. Comm. 1966,40.0,-122.56,NoAmer,n,10.0,16.41083333,510.734,35.0,0.35,3.0,33.0,53.108352000000004,17.702784,1575.0
137,Yokuts-(N.Foothills),1850,Cook 1955,37.44,-120.44,NoAmer,n,25.0,15.93916667,472.417,38.29,0.3829,6.0,70.0,112.65408000000001,18.77568,360.0
138,Patwin-So.Hill_Wintun,1850,Barrett 1908,39.08,-122.05,NoAmer,n,20.0,16.33166667,445.67,82.0,0.82,2.0,14.0,22.530816,11.265408,1517.0
140,Monachi-Southern,1870,,36.6,-117.08,NoAmer,n,20.0,15.87,128.727,28.7,0.287,9.0,85.0,136.79424,15.19936,387.0
141,Eastern_Pomo,1860,Barrett 1908,39.03,-122.94,NoAmer,n,25.0,15.44416667,819.963,127.0,1.27,3.0,36.0,57.936384000000004,19.312128,940.0
146,Nisenan-So._Maidu,1850,Cook & Heizer 1965,39.03,-121.15,NoAmer,n,20.0,14.84166667,958.862,39.75,0.3975,1.0,5.0,8.04672,8.04672,4770.0
155,Wappo,1860,Barrett 1908 Driver 1936 Cook & Heizer 1965,38.59,-122.54,NoAmer,n,30.0,13.87583333,861.158,120.6,1.206,2.0,8.0,12.874752,6.437376,1170.0
157,Yana_(Northern),1860,,40.38,-122.89,NoAmer,n,30.0,12.13583333,941.202,31.3,0.313,4.0,85.0,136.79424,34.19856,1820.0
158,Miwok_(Sierra),1850,Cook & Heizer 1965 Barrett 1908  (1850s(,38.0,-122.77,NoAmer,n,10.0,12.02166667,867.959,24.54,0.24539999999999998,4.0,32.0,51.499008,12.874752,1212.0
162,Shasta-(Eastern),1860,Cook & Heizer 1965,41.62,-122.7,NoAmer,n,30.0,11.63083333,1095.93,25.0,0.25,3.0,55.0,88.51392000000001,29.504640000000006,2925.0
168,Maidu_(Mt.),1850,Cook & Heizer 1965,40.28,-120.56,NoAmer,n,20.0,8.571666667,454.324,23.5,0.235,4.0,28.0,45.061632,11.265408,1900.0
170,Achomawi_(Western),1860,,41.32,-121.19,NoAmer,n,30.0,8.461666667,477.88,17.25,0.1725,3.0,64.0,102.998016,34.332672,1700.0
171,Modoc,1860,Ray 1963,42.0,-121.31,NoAmer,n,25.0,7.9675,258.958,22.89,0.2289,9.0,45.0,72.42048,8.04672,2000.0
173,Guaicura,1760,,25.0,-111.54,NoAmer,n,15.0,22.19416667,137.317,6.0,0.06,8.0,135.0,217.26144000000002,27.157680000000003,977.0
175,Shoshoni-Death_Valley,1860,Steward 1938,36.52,-116.81,NoAmer,n,0.0,25.03083333,41.422,1.29,0.0129,13.0,225.0,362.10240000000005,27.85403076923077,42.0
178,Panamint,1850,Steward 1938,36.37,-117.33,NoAmer,n,0.0,19.17166667,96.839,2.12,0.0212,11.0,220.0,354.05568000000005,32.18688,500.0
180,Koso_Mt.-Little_Lake,1860,,36.12,-117.7,NoAmer,n,0.0,17.35333333,122.638,8.57,0.0857,14.0,220.0,354.05568000000005,25.289691428571434,222.0
182,Kawaiisu,1860,Steward 1938,35.37,-118.0,NoAmer,n,0.0,15.995,195.948,11.9,0.11900000000000001,9.0,150.0,241.40160000000003,26.822400000000002,500.0
183,Saline_Valley,1860,,36.65,-117.79,NoAmer,n,0.0,14.13416667,135.406,2.32,0.0232,14.0,180.0,289.68192,20.691565714285712,65.0
184,Antarianunts-So.Paiute,1860,,37.86,-110.72,NoAmer,n,15.0,13.73166667,163.539,3.45,0.0345,10.0,200.0,321.8688,32.18688,234.0
185,East_Monoowens_Valley,1870,Steward 1933,36.88,-118.18,NoAmer,n,5.0,12.7775,141.961,38.04,0.3804,2.0,17.0,27.358848000000002,13.679424000000001,2100.0
186,Kawich_Mountains,1860,,37.92,-116.45,NoAmer,n,0.0,12.2275,214.081,1.99,0.0199,12.0,270.0,434.52288000000004,36.210240000000006,105.0
187,Kaibab,1860,Kelly 1964 Euler 1972  SOUTHERN PAIUTE  res. Knack 1975,36.9,-112.55,NoAmer,n,0.0,12.01,288.549,3.71,0.0371,8.0,200.0,321.8688,40.2336,425.0
188,Mono_Lake-(Kuzedika),1870,Davis 1965 (LRB estimate pers./hh),38.11,-118.85,NoAmer,n,7.0,11.74,205.86,5.9,0.059000000000000004,11.0,215.0,346.00896,31.45536,170.0
189,Deep_Springs,1860,Steward 1938,37.28,-118.0,NoAmer,n,0.0,11.65833333,131.374,3.54,0.0354,8.0,195.0,313.82208,39.22776,23.0
190,Salmon_Eater_Shoshoni,1860,,42.94,-115.3,NoAmer,n,20.0,10.98333333,219.045,6.9,0.069,12.0,210.0,337.96224,28.163520000000002,400.0
191,Kuyuidokado-Pyramid_Lk,1860,Fowler 1966,40.0,-119.6,NoAmer,n,30.0,11.06666667,160.113,18.53,0.18530000000000002,3.0,33.0,53.108352000000004,17.702784,485.0
193,Cattail_Eater_Paiute,1870,Fowler 1992,40.12,-118.7,NoAmer,n,20.0,10.86166667,120.185,22.0,0.22,5.0,90.0,144.84096,28.968192,481.0
194,Fish_Lake-Paiute,1860,Steward 1938,37.69,-118.14,NoAmer,n,20.0,10.5375,105.182,3.89,0.038900000000000004,9.0,150.0,241.40160000000003,26.822400000000002,100.0
195,No.Paiute-Honey_Lake,1870,,40.27,-120.44,NoAmer,n,10.0,10.28916667,285.091,10.6,0.106,9.0,165.0,265.54176,29.504640000000002,385.0
196,Hukundika_Shoshone,1870,Steward 1938,41.55,-112.22,NoAmer,n,20.0,9.919166667,374.357,2.96,0.0296,12.0,250.0,402.336,33.528,1000.0
197,Gosiute_(Deep_Creek),1860,,39.88,-114.0,NoAmer,n,10.0,9.664166667,183.259,1.67,0.0167,13.0,228.0,366.930432,28.225417846153846,435.0
200,Shoshoni-Railroad_Valley,1860,Steward 1938,38.33,-115.78,NoAmer,n,0.0,9.015,239.443,4.28,0.042800000000000005,5.0,90.0,144.84096,28.968192,250.0
201,Reese_River,1860,,39.25,-117.32,NoAmer,n,15.0,8.486666667,301.862,16.7,0.16699999999999998,8.0,130.0,209.21472,26.15184,390.0
203,Grouse_Creek,1860,Steward 1938,41.59,-113.94,NoAmer,n,15.0,8.24,204.161,1.64,0.016399999999999998,14.0,315.0,506.94336000000004,36.210240000000006,200.0
207,Washo,1850,Price 1962,39.08,-119.82,NoAmer,n,15.0,8.754166667,326.283,14.9,0.149,7.0,198.0,318.65011200000004,45.521444571428574,1877.0
208,Kidutokado-Suprise_Val,1870,,41.5,-120.06,NoAmer,n,20.0,8.66,364.183,13.59,0.1359,9.0,210.0,337.96224,37.55136,367.0
210,Wadadika-Ruby_Valley,1860,,40.36,-115.39,NoAmer,n,8.0,7.7275,312.572,13.79,0.1379,7.0,120.0,193.12128,27.588754285714288,450.0
213,Wadadokado-Harney_Val,1870,Whiting 1950,43.25,-119.14,NoAmer,n,20.0,7.226666667,282.402,1.24,0.0124,11.0,250.0,402.336,36.576,200.0
214,Agaiduka_(Lemhi_River),1860,Murphy & Murphy 1960  AGAIDUKA-LEMHI,45.17,-113.84,NoAmer,n,25.0,6.505,227.395,6.24,0.062400000000000004,13.0,270.0,434.52288000000004,33.424836923076924,550.0
215,Shoshoni-Little_Smoky,1860,Steward 1938,39.33,-115.84,NoAmer,n,0.0,6.2,221.383,1.822,0.01822,11.0,260.0,418.42944,38.03904,96.0
222,Cheyenne,1860,Bushnell 1922 (1806) Moore 1991 (1880),38.83,-102.35,NoAmer,n,5.0,10.5225,387.471,4.82,0.0482,18.0,390.0,627.64416,34.86912,2750.0
224,Crow,1870,Ewers 1955,45.83,-108.48,NoAmer,n,0.0,7.815833333,289.941,5.81,0.0581,31.0,570.0,917.32608,29.591163870967744,4650.0
228,Gros_Ventre,1870,Culbertson 1952 (1850) Ewers 1955 (1860),48.12,-105.6,NoAmer,n,0.0,5.505,309.992,3.37,0.0337,24.0,420.0,675.92448,28.163520000000002,2260.0
230,Piegan-(Pikuni),1850,Ewers 1955,49.34,-111.21,NoAmer,n,0.0,4.663333333,239.101,2.54,0.0254,21.0,560.0,901.2326400000001,42.91584,1525.0
231,Blackfoot,1850,Robbins 1971 (1921) Ewers 1955 (1860) Ewers 1971,51.01,-110.76,NoAmer,n,5.0,2.643333333,227.737,3.46,0.0346,30.0,540.0,869.0457600000001,28.968192000000002,2425.0
235,Sarsi,1880,Jenness 1938,53.15,-111.04,NoAmer,n,8.0,1.874166667,300.079,1.75,0.0175,18.0,440.0,708.1113600000001,39.33952000000001,700.0
273,Coeur_D'alene,1860,Teit 1930,47.42,-116.34,NoAmer,n,25.0,8.4475,697.004,1.5,0.015,11.0,300.0,482.80320000000006,43.891200000000005,1000.0
282,Micmac_(Souriquois),1700,Speck 1922,46.99,-65.0,NoAmer,n,35.0,4.754166667,735.411,4.32,0.0432,12.0,252.0,405.55468800000006,33.796224,4393.0
284,Rainy_River-(Emo_Ojibw),1880,Hickerson 1967,45.21,-85.1,NoAmer,n,30.0,3.094166667,594.096,1.21,0.0121,13.0,350.0,563.2704,43.32849230769231,230.0
285,North_Saulteaux-Berens,1870,Bishop 1969,52.28,-96.78,NoAmer,n,30.0,2.05,375.602,1.2,0.012,15.0,375.0,603.504,40.2336,185.0
289,Alcatcho,1865,Jenness 1943,51.32,-124.02,NoAmer,n,35.0,4.6175,617.497,7.5,0.075,5.5,90.0,144.84096,26.33472,405.0
290,Ojibwa-Nipigon,1800,,49.34,-88.31,NoAmer,n,35.0,-0.509166667,456.194,0.87,0.0087,14.0,350.0,563.2704,40.2336,221.0
291,Mistassini_Cree,1880,Morantz 1982 (1823) Lips (1947a) Rogers 1962 (1910) Speck 1923 (1953-54),51.75,-72.66,NoAmer,n,25.1,0.531666667,602.352,0.58,0.0058,16.0,450.0,724.2048000000001,45.262800000000006,450.0
292,No.Ojibwa--Albanymoose,1850,,51.22,-83.1,NoAmer,n,35.0,-0.764166667,465.933,1.43,0.0143,14.0,275.0,442.56960000000004,31.612114285714288,225.0
296,Sekani,1880,Lane 1952,56.14,-120.0,NoAmer,n,30.0,2.1525,269.604,0.82,0.008199999999999999,15.0,400.0,643.7376,42.91584,656.0
297,Beaver,1850,Keith 1960 Nicks 1980,58.51,-115.76,NoAmer,n,35.0,-1.208333333,243.626,0.51,0.0051,20.0,400.0,643.7376,32.18688,1000.0
298,Slave,1860,Helm 1961(1951-54) Janes 1983 (1974) Mackenzie 1966 (1789),61.15,-119.5,NoAmer,n,30.0,-3.740833333,222.606,1.0,0.01,13.0,445.0,716.15808,55.08908307692308,2454.0
299,Kaska,1920,Honigmann 1949,59.73,-125.0,NoAmer,n,25.0,-1.84,242.494,0.9,0.009000000000000001,9.0,280.0,450.61632000000003,50.06848,540.0
305,Hare,1860,Savishinsky 1974 (1967) MacKenzie 1966 (1789),67.47,-125.0,NoAmer,n,25.0,-6.848333333,180.112,0.33,0.0033,16.0,450.0,724.2048000000001,45.262800000000006,572.0
307,Koyukon,1880,Honigmann 1949 Michael 1967 (1843) Sullivan 1942 Clark 1974,66.52,-153.78,NoAmer,n,35.0,-4.955,350.498,1.09,0.0109,14.0,350.0,563.2704,40.2336,2000.0
308,Chippewyan_(Athabaskan),1880,"Smith 1981 (1800s) Brumback & Jarv.. 1989 (1838,1881,1920-), Irimoto 1981 (various), Muller-Wille 1947",59.47,-106.19,NoAmer,n,25.0,-4.4475,221.556,0.46,0.0046,18.0,496.0,798.234624,44.346368000000005,2850.0
309,Kutchin_Peel_River,1880,McKennan 1965b,65.94,-135.23,NoAmer,n,33.0,-5.935833333,156.16,1.7,0.017,16.0,450.0,724.2048000000001,45.262800000000006,4863.0
311,Satudene-Bear Lake,1860,,65.75,-122.89,NoAmer,n,20.0,-6.0775,173.347,0.55,0.0055000000000000005,14.0,375.0,603.504,43.10742857142857,825.0
314,Dogrib,1860,MacKenzie 1966,63.85,-115.61,NoAmer,n,31.0,-6.245,150.478,0.88,0.0088,13.0,450.0,724.2048000000001,55.70806153846154,1590.0
316,Tutchone,1890,O'Leary 1985,61.24,-138.21,NoAmer,n,36.0,-2.469166667,158.135,0.92,0.0092,19.0,450.0,724.2048000000001,38.11604210526316,1500.0
318,Naskapi,1890,Tanner 1944 (1937-8) Henriksen 1973 (1966-8),56.19,-68.92,NoAmer,n,26.0,-4.08,327.006,0.42,0.0042,16.0,420.0,675.92448,42.24528,400.0
320,Kobuk_Eskimo,1890,"Burch 1975 (1890) Foote 1966 (1910-40,1950-65)",66.95,-156.94,NoAmer,n,36.0,-6.086666667,287.45,2.67,0.026699999999999998,9.0,225.0,362.10240000000005,40.2336,500.0
325,Noatak-Eskimo,1900,Burch 1975,68.09,-160.0,NoAmer,n,24.9,-8.773333333,231.684,2.2,0.022000000000000002,12.0,360.0,579.36384,48.280319999999996,550.0
326,Nunamiut_Eskimo,1950,Binford 1971 (1880) 1991a (1947-8),68.18,-151.71,NoAmer,n,10.9,-9.36,225.466,0.96,0.0096,11.0,501.0,806.2813440000001,73.29830400000002,240.0
