camp,resource,day,daily_gain_kcal_per_capita,cumulative_gain_kcal_per_capita,complete_camp
1,tot,1,1251.7565462556,1251.7565462556,False
1,tot,2,1298.3849647104003,2550.141510966,False
1,tot,3,2309.73170196882,4859.87321293482,False
1,tot,4,2218.79018544083,7078.66339837565,False
1,tot,5,2225.36289619093,9304.02629456658,False
1,tot_meat,1,0.0,0.0,False
1,tot_meat,2,0.0,0.0,False
1,tot_meat,3,1.49176470588235,1.49176470588235,False
1,tot_meat,4,0.0,1.49176470588235,False
1,tot_meat,5,0.0,1.49176470588235,False
1,tot_rat,1,1441.84283196989,1441.84283196989,False
1,tot_rat,2,1298.3849647103998,2740.22779668029,False
1,tot_rat,3,3098.2377760428803,5838.46557272317,False
1,tot_rat,4,2218.79018544084,8057.25575816401,False
1,tot_rat,5,3239.1564200004905,11296.4121781645,False
1,tot_rat_only,1,190.086285714286,190.086285714286,False
1,tot_rat_only,2,0.0,190.086285714286,False
1,tot_rat_only,3,788.506074074074,978.59235978836,False
1,tot_rat_only,4,0.0,978.59235978836,False
1,tot_rat_only,5,1013.7935238095199,1992.38588359788,False
1,tot_tuber,1,1241.9334445056,1241.9334445056,False
1,tot_tuber,2,1298.3849647104,2540.318409216,False
1,tot_tuber,3,2308.2399372629297,4848.55834647893,False
1,tot_tuber,4,2218.79018544084,7067.34853191977,False
1,tot_tuber,5,2088.7062475776,9156.05477949737,False
2,tot,1,501.791290709333,501.791290709333,True
2,tot,2,624.1888407464969,1125.98013145583,True
2,tot,3,263.19249549401,1389.17262694984,True
2,tot,4,401.19570912202016,1790.36833607186,True
2,tot,5,5718.212818052931,7508.58115412479,True
2,tot,6,4647.01991863841,12155.6010727632,True
2,tot,7,1126.5041132041006,13282.1051859673,True
2,tot,8,1168.8784481099992,14450.9836340773,True
2,tot,9,388.0612969410995,14839.0449310184,True
2,tot_meat,1,0.0,0.0,True
2,tot_meat,2,0.0,0.0,True
2,tot_meat,3,1.00334928229665,1.00334928229665,True
2,tot_meat,4,0.0,1.00334928229665,True
2,tot_meat,5,138.59332033613435,139.596669618431,True
2,tot_meat,6,12.48423529411798,152.080904912549,True
2,tot_meat,7,306.300222254989,458.381127167538,True
2,tot_meat,8,64.67688282352901,523.058009991067,True
2,tot_meat,9,388.0612969411769,911.119306932244,True
2,tot_rat,1,501.791290709333,501.791290709333,True
2,tot_rat,2,624.1888407464969,1125.98013145583,True
2,tot_rat,3,263.19249549401,1389.17262694984,True
2,tot_rat,4,401.19570912202016,1790.36833607186,True
2,tot_rat,5,5718.212818052931,7508.58115412479,True
2,tot_rat,6,4647.01991863841,12155.6010727632,True
2,tot_rat,7,1126.5041132041006,13282.1051859673,True
2,tot_rat,8,1168.8784481099992,14450.9836340773,True
2,tot_rat,9,388.0612969410995,14839.0449310184,True
2,tot_rat_only,1,0.0,0.0,True
2,tot_rat_only,2,0.0,0.0,True
2,tot_rat_only,3,0.0,0.0,True
2,tot_rat_only,4,0.0,0.0,True
2,tot_rat_only,5,0.0,0.0,True
2,tot_rat_only,6,0.0,0.0,True
2,tot_rat_only,7,0.0,0.0,True
2,tot_rat_only,8,0.0,0.0,True
2,tot_rat_only,9,0.0,0.0,True
2,tot_tuber,1,501.791290709333,501.791290709333,True
2,tot_tuber,2,351.9637768665,853.755067575833,True
2,tot_tuber,3,261.4596725274971,1115.21474010333,True
2,tot_tuber,4,400.4662354378099,1515.68097554114,True
2,tot_tuber,5,5529.07638914537,7044.75736468651,True
2,tot_tuber,6,4450.199258512289,11494.9566231988,True
2,tot_tuber,7,812.9018909491006,12307.8585141479,True
2,tot_tuber,8,1016.1273636864007,13323.9858778343,True
2,tot_tuber,9,0.0,13323.9858778343,True
3,tot,1,8778.83833846167,8778.83833846167,True
3,tot,2,5700.19747174483,14479.0358102065,True
3,tot,3,0.0,14479.0358102065,True
3,tot_meat,1,0.0,0.0,True
3,tot_meat,2,3203.52685235294,3203.52685235294,True
3,tot_meat,3,0.0,3203.52685235294,True
3,tot_rat,1,10714.2623384617,10714.2623384617,True
3,tot_rat,2,5700.197471744799,16414.4598102065,True
3,tot_rat,3,0.0,16414.4598102065,True
3,tot_rat_only,1,1935.424,1935.424,True
3,tot_rat_only,2,0.0,1935.424,True
3,tot_rat_only,3,0.0,1935.424,True
3,tot_tuber,1,8736.77798937076,8736.77798937076,True
3,tot_tuber,2,2496.67061939184,11233.4486087626,True
3,tot_tuber,3,0.0,11233.4486087626,True
4,tot,1,2094.33388258332,2094.33388258332,False
4,tot,2,3305.34783590388,5399.6817184872,False
4,tot,3,1387.36844942674,6787.05016791394,False
4,tot,4,889.3297179524407,7676.37988586638,False
4,tot,5,317.7107935587792,7994.09067942516,False
4,tot,6,704.6549602010209,8698.74563962618,False
4,tot,7,1161.8871241485303,9860.63276377471,False
4,tot,8,1585.6622346650893,11446.2949984398,False
4,tot,9,1394.024162477599,12840.3191609174,False
4,tot,10,1583.6658578056013,14423.985018723,False
4,tot,11,272.579719420999,14696.564738144,False
4,tot_meat,1,630.870307354011,630.870307354011,False
4,tot_meat,2,271.64290785882304,902.513215212834,False
4,tot_meat,3,350.33311529411594,1252.84633050695,False
4,tot_meat,4,0.0,1252.84633050695,False
4,tot_meat,5,95.73558210021997,1348.58191260717,False
4,tot_meat,6,55.43732813445013,1404.01924074162,False
4,tot_meat,7,55.437328134459904,1459.45656887608,False
4,tot_meat,8,72.76149317647014,1532.21806205255,False
4,tot_meat,9,6.929666016799956,1539.14772806935,False
4,tot_meat,10,134.74350588236007,1673.89123395171,False
4,tot_meat,11,71.86320313724991,1745.75443708896,False
4,tot_rat,1,3675.85177972618,3675.85177972618,False
4,tot_rat,2,5495.141847332449,9170.99362705863,False
4,tot_rat,3,2739.0931478394705,11910.0867748981,False
4,tot_rat,4,7936.942628297202,19847.0294031953,False
4,tot_rat,5,5690.8164697492975,25537.8458729446,False
4,tot_rat,6,3572.242356119401,29110.088229064,False
4,tot_rat,7,2138.604770515798,31248.6929995798,False
4,tot_rat,8,4870.353251808003,36119.0462513878,False
4,tot_rat,9,1845.886418804199,37964.932670192,False
4,tot_rat,10,2006.0798260594966,39971.0124962515,False
4,tot_rat,11,4620.627499315102,44591.6399955666,False
4,tot_rat_only,1,1581.51789714286,1581.51789714286,False
4,tot_rat_only,2,2189.7940114285702,3771.31190857143,False
4,tot_rat_only,3,1351.7246984127,5123.03660698413,False
4,tot_rat_only,4,7047.61291034487,12170.649517329,False
4,tot_rat_only,5,5373.105676190398,17543.7551935194,False
4,tot_rat_only,6,2867.5873959184028,20411.3425894378,False
4,tot_rat_only,7,976.7176463672986,21388.0602358051,False
4,tot_rat_only,8,3284.691017142901,24672.751252948,False
4,tot_rat_only,9,451.862256326498,25124.6135092745,False
4,tot_rat_only,10,422.4139682540008,25547.0274775285,False
4,tot_rat_only,11,4348.047779894201,29895.0752574227,False
4,tot_tuber,1,1460.32018266931,1460.32018266931,False
4,tot_tuber,2,2735.3321104450597,4195.65229311437,False
4,tot_tuber,3,1037.03533413262,5232.68762724699,False
4,tot_tuber,4,576.1948269179602,5808.88245416495,False
4,tot_tuber,5,218.27921145855998,6027.16166562351,False
4,tot_tuber,6,648.3860320665599,6675.54769769007,False
4,tot_tuber,7,1106.4497960140798,7781.99749370415,False
4,tot_tuber,8,1512.90074148864,9294.89823519279,False
4,tot_tuber,9,1387.0944964608098,10681.9927316536,False
4,tot_tuber,10,1448.9223519232,12130.9150835768,False
4,tot_tuber,11,200.7165162837009,12331.6315998605,False
5,tot,1,338.894503031365,338.894503031365,True
5,tot,2,0.0,338.894503031365,True
5,tot,3,1343.289104796385,1682.18360782775,True
5,tot,4,80.0942852569101,1762.27789308466,True
5,tot_meat,1,338.894503031365,338.894503031365,True
5,tot_meat,2,0.0,338.894503031365,True
5,tot_meat,3,1343.289104796385,1682.18360782775,True
5,tot_meat,4,27.985189683250155,1710.168797511,True
5,tot_rat,1,3068.33860559547,3068.33860559547,True
5,tot_rat,2,12118.73181538463,15187.0704209801,True
5,tot_rat,3,2980.9555663348,18168.0259873149,True
5,tot_rat,4,7722.537772436401,25890.5637597513,True
5,tot_rat_only,1,2729.4441025641,2729.4441025641,True
5,tot_rat_only,2,12118.731815384599,14848.1759179487,True
5,tot_rat_only,3,1637.6664615384998,16485.8423794872,True
5,tot_rat_only,4,7642.443487179502,24128.2858666667,True
5,tot_tuber,1,0.0,0.0,True
5,tot_tuber,2,0.0,0.0,True
5,tot_tuber,3,0.0,0.0,True
5,tot_tuber,4,52.1090955736615,52.1090955736615,True
6,tot,1,1979.3235027664,1979.3235027664,True
6,tot,2,1511.1004221348098,3490.42392490121,True
6,tot,3,1862.9001667583998,5353.32409165961,True
6,tot,4,949.4925358751307,6302.81662753474,True
6,tot,5,2765.9650859021795,9068.78171343692,True
6,tot,6,389.0362336097496,9457.81794704667,True
6,tot,7,1298.157861525131,10755.9758085718,True
6,tot,8,704.5409575344001,11460.5167661062,True
6,tot,9,350.82049450409977,11811.3372606103,True
6,tot,10,778.0089455985999,12589.3462062089,True
6,tot,11,2010.1119191867,14599.4581253956,True
6,tot,12,35.72036999999909,14635.1784953956,True
6,tot,13,747.7496961585002,15382.9281915541,True
6,tot,14,1269.5389895891021,16652.4671811432,True
6,tot,15,937.8097182851998,17590.2768994284,True
6,tot,16,3189.2965446331,20779.5734440615,True
6,tot_meat,1,0.0,0.0,True
6,tot_meat,2,971.874509321267,971.874509321267,True
6,tot_meat,3,0.0,971.874509321267,True
6,tot_meat,4,573.1490678431329,1545.0235771644,True
6,tot_meat,5,2369.4127265158404,3914.43630368024,True
6,tot_meat,6,50.327112380949984,3964.76341606119,True
6,tot_meat,7,181.9037329411799,4146.66714900237,True
6,tot_meat,8,0.0,4146.66714900237,True
6,tot_meat,9,14.819136078430347,4161.4862850808,True
6,tot_meat,10,60.634577647059814,4222.12086272786,True
6,tot_meat,11,1242.9289907420198,5465.04985346988,True
6,tot_meat,12,0.0,5465.04985346988,True
6,tot_meat,13,513.5118843697501,5978.56173783963,True
6,tot_meat,14,291.04597270587965,6269.60771054551,True
6,tot_meat,15,283.33733433155066,6552.94504487706,True
6,tot_meat,16,337.46752506787925,6890.41256994494,True
6,tot_rat,1,1979.3235027664,1979.3235027664,True
6,tot_rat,2,2166.1670067501896,4145.49050951659,True
6,tot_rat,3,2336.0038112028406,6481.49432071943,True
6,tot_rat,4,3315.01075809736,9796.50507881679,True
6,tot_rat,5,3857.7427269278105,13654.2478057446,True
6,tot_rat,6,6471.797376466899,20126.0451822115,True
6,tot_rat,7,2987.9970072215,23114.042189433,True
6,tot_rat,8,704.540957534402,23818.5831469674,True
6,tot_rat,9,350.8204945039979,24169.4036414714,True
6,tot_rat,10,5671.766404161102,29841.1700456325,True
6,tot_rat,11,16210.377442099798,46051.5474877323,True
6,tot_rat,12,1326.0030366666979,47377.550524399,True
6,tot_rat,13,3933.957913845603,51311.5084382446,True
6,tot_rat,14,2473.7469163310016,53785.2553545756,True
6,tot_rat,15,17836.201175248098,71621.4565298237,True
6,tot_rat,16,3301.5936734244024,74923.0502032481,True
6,tot_rat_only,1,0.0,0.0,True
6,tot_rat_only,2,655.066584615384,655.066584615384,True
6,tot_rat_only,3,473.103644444446,1128.17022905983,True
6,tot_rat_only,4,2365.51822222222,3493.68845128205,True
6,tot_rat_only,5,1091.7776410256397,4585.46609230769,True
6,tot_rat_only,6,6082.761142857111,10668.2272351648,True
6,tot_rat_only,7,1689.8391456963,12358.0663808611,True
6,tot_rat_only,8,0.0,12358.0663808611,True
6,tot_rat_only,9,0.0,12358.0663808611,True
6,tot_rat_only,10,4893.757458562499,17251.8238394236,True
6,tot_rat_only,11,14200.265522913101,31452.0893623367,True
6,tot_rat_only,12,1290.2826666666988,32742.3720290034,True
6,tot_rat_only,13,3186.208217687101,35928.5802466905,True
6,tot_rat_only,14,1204.2079267418958,37132.7881734324,True
6,tot_rat_only,15,16898.391456962905,54031.1796303953,True
6,tot_rat_only,16,112.29712879129511,54143.4767591866,True
6,tot_tuber,1,1956.9860337664,1956.9860337664,True
6,tot_tuber,2,521.0909557366199,2478.07698950302,True
6,tot_tuber,3,1862.9001667583998,4340.97715626142,True
6,tot_tuber,4,376.3434680320006,4717.32062429342,True
6,tot_tuber,5,382.1333675401802,5099.4539918336,True
6,tot_tuber,6,338.70912122879963,5438.1631130624,True
6,tot_tuber,7,1112.356003584,6550.5191166464,True
6,tot_tuber,8,698.5875625343997,7249.1066791808,True
6,tot_tuber,9,301.0747744256005,7550.1814536064,True
6,tot_tuber,10,606.8538422016,8157.035295808,True
6,tot_tuber,11,762.6988107975503,8919.73410660555,True
6,tot_tuber,12,0.0,8919.73410660555,True
6,tot_tuber,13,204.30073978879955,9124.03484639435,True
6,tot_tuber,14,978.4930168832507,10102.5278632776,True
6,tot_tuber,15,630.3753089535985,10732.9031722312,True
6,tot_tuber,16,2848.6305580268,13581.533730258,True
7,tot,1,795.2081016384,795.2081016384,False
7,tot,2,5375.283717946,6170.4918195844,False
7,tot,3,1094.2910070468897,7264.78282663129,False
7,tot,4,287.3895574062599,7552.17238403755,False
7,tot,5,1340.6906014279803,8892.86298546553,False
7,tot,6,7911.937211863671,16804.8001973292,False
7,tot_meat,1,343.59594,343.59594,False
7,tot_meat,2,0.0,343.59594,False
7,tot_meat,3,0.0,343.59594,False
7,tot_meat,4,0.0,343.59594,False
7,tot_meat,5,298.508689954751,642.104629954751,False
7,tot_meat,6,286.636185240642,928.740815195393,False
7,tot_rat,1,4934.86499052729,4934.86499052729,False
7,tot_rat,2,5375.28371794601,10310.1487084733,False
7,tot_rat,3,1094.2910070469006,11404.4397155202,False
7,tot_rat,4,5448.5202240728995,16852.9599395931,False
7,tot_rat,5,1340.6906014279994,18193.6505410211,False
7,tot_rat,6,9017.893783292202,27211.5443243133,False
7,tot_rat_only,1,4139.65688888889,4139.65688888889,False
7,tot_rat_only,2,0.0,4139.65688888889,False
7,tot_rat_only,3,0.0,4139.65688888889,False
7,tot_rat_only,4,5161.13066666666,9300.78755555555,False
7,tot_rat_only,5,0.0,9300.78755555555,False
7,tot_rat_only,6,1105.956571428551,10406.7441269841,False
7,tot_tuber,1,451.6121616384,451.6121616384,False
7,tot_tuber,2,5375.283717946,5826.8958795844,False
7,tot_tuber,3,1094.2910070468897,6921.18688663129,False
7,tot_tuber,4,287.3895574062599,7208.57644403755,False
7,tot_tuber,5,1042.1819114732298,8250.75835551078,False
7,tot_tuber,6,7625.301026623021,15876.0593821338,False
8,tot,1,150.12918777104,150.12918777104,False
8,tot,2,265.436122645513,415.565310416553,False
8,tot,3,7.786416579971956,423.351726996525,False
8,tot_meat,1,0.0,0.0,False
8,tot_meat,2,184.791093781513,184.791093781513,False
8,tot_meat,3,0.0,184.791093781513,False
8,tot_rat,1,1054.8281705562,1054.8281705562,False
8,tot_rat,2,265.4361226455201,1320.26429320172,False
8,tot_rat,3,7.786416579970137,1328.05070978169,False
8,tot_rat_only,1,904.698982785165,904.698982785165,False
8,tot_rat_only,2,0.0,904.698982785165,False
8,tot_rat_only,3,0.0,904.698982785165,False
8,tot_tuber,1,129.83849647104,129.83849647104,False
8,tot_tuber,2,80.64502886400001,210.48352533504,False
8,tot_tuber,3,7.786416579971984,218.269941915012,False
9,tot,1,1032.81785620831,1032.81785620831,True
9,tot,2,851.9056324902699,1884.72348869858,True
9,tot,3,868.6812917592399,2753.40478045782,True
9,tot,4,1016.79152701971,3770.19630747753,True
9,tot,5,559.6846923532898,4329.88099983082,True
9,tot_meat,1,717.29912311634,717.29912311634,True
9,tot_meat,2,45.45534385026701,762.754466966607,True
9,tot_meat,3,342.76187011764296,1105.51633708425,True
9,tot_meat,4,194.03064847059,1299.54698555484,True
9,tot_meat,5,108.72407026369001,1408.27105581853,True
9,tot_rat,1,12955.0296962083,12955.0296962083,True
9,tot_rat,2,15197.083994395,28152.1136906033,True
9,tot_rat,3,8296.408509537105,36448.5222001404,True
9,tot_rat,4,3524.240842575193,39972.7630427156,True
9,tot_rat,5,7250.721949496205,47223.4849922118,True
9,tot_rat_only,1,11922.21184,11922.21184,True
9,tot_rat_only,2,14345.1783619048,26267.3902019048,True
9,tot_rat_only,3,7427.727217777701,33695.1174196825,True
9,tot_rat_only,4,2507.4493155555974,36202.5667352381,True
9,tot_rat_only,5,6691.037257142903,42893.603992381,True
9,tot_tuber,1,234.838324051968,234.838324051968,True
9,tot_tuber,2,806.450288640002,1041.28861269197,True
9,tot_tuber,3,489.2465084416001,1530.53512113357,True
9,tot_tuber,4,812.9018909491201,2343.43701208269,True
9,tot_tuber,5,404.8936621585599,2748.33067424125,True
10,tot,1,2031.57009072773,2031.57009072773,True
10,tot,2,1239.0074383646097,3270.57752909234,True
10,tot,3,1326.6122626355605,4597.1897917279,True
10,tot,4,801.3362634308496,5398.52605515875,True
10,tot_meat,1,600.216558983333,600.216558983333,True
10,tot_meat,2,65.48250352941193,665.699062512745,True
10,tot_meat,3,1020.087600415225,1685.78666292797,True
10,tot_meat,4,91.79098411765017,1777.57764704562,True
10,tot_rat,1,9007.73677644202,9007.73677644202,True
10,tot_rat,2,5464.23722146748,14471.9739979095,True
10,tot_rat,3,5202.881618377902,19674.8556162874,True
10,tot_rat,4,7454.3562634308,27129.2118797182,True
10,tot_rat_only,1,6976.16668571428,6976.16668571428,True
10,tot_rat_only,2,4225.22978310292,11201.3964688172,True
10,tot_rat_only,3,3876.269355742301,15077.6658245595,True
10,tot_rat_only,4,6653.019999999999,21730.6858245595,True
10,tot_tuber,1,698.5875625344,698.5875625344,True
10,tot_tuber,2,626.4297725952,1325.0173351296,True
10,tot_tuber,3,239.0887914556199,1564.10612658522,True
10,tot_tuber,4,155.24168056320013,1719.34780714842,True
11,tot,1,3046.83858041144,3046.83858041144,True
11,tot,2,774.9593776362899,3821.79795804773,True
11,tot,3,951.9591646854901,4773.75712273322,True
11,tot,4,3851.8613693481793,8625.6184920814,True
11,tot,5,472.9953887419106,9098.61388082331,True
11,tot,6,2615.50853024549,11714.1224110688,True
11,tot,7,2798.1455064326,14512.2679175014,True
11,tot,8,2048.7287497745,16560.9966672759,True
11,tot,9,2515.1108255401996,19076.1074928161,True
11,tot,10,2058.4492483899994,21134.5567412061,True
11,tot,11,3130.515712812401,24265.0724540185,True
11,tot,12,2135.583096210601,26400.6555502291,True
11,tot,13,1368.9493649664,27769.6049151955,True
11,tot,14,2789.3057167283005,30558.9106319238,True
11,tot,15,2068.853308013797,32627.7639399376,True
11,tot,16,838.8009457135995,33466.5648856512,True
11,tot,17,893.2491744197032,34359.8140600709,True
11,tot,18,2443.108517446497,36802.9225775174,True
11,tot,19,1376.9762316211054,38179.8988091385,True
11,tot,20,13093.141937881497,51273.04074702,True
11,tot,21,3613.7954052671994,54886.8361522872,True
11,tot,22,1780.3758554891028,56667.2120077763,True
11,tot,23,1549.6212942383936,58216.8333020147,True
11,tot,24,6088.101761185906,64304.9350632006,True
11,tot,25,3147.756488586303,67452.6915517869,True
11,tot,26,442.3499555558956,67895.0415073428,True
11,tot,27,2520.339388888504,70415.3808962313,True
11,tot_meat,1,260.526407209653,260.526407209653,True
11,tot_meat,2,464.960802046036,725.487209255689,True
11,tot_meat,3,421.8057575447609,1147.29296680045,True
11,tot_meat,4,309.52566422658015,1456.81863102703,True
11,tot_meat,5,210.90287877237006,1667.7215097994,True
11,tot_meat,6,372.14758039215985,2039.86909019156,True
11,tot_meat,7,179.9793012705902,2219.84839146215,True
11,tot_meat,8,870.93302438503,3090.78141584718,True
11,tot_meat,9,0.0,3090.78141584718,True
11,tot_meat,10,530.0055293708397,3620.78694521802,True
11,tot_meat,11,1261.1992150588198,4881.98616027684,True
11,tot_meat,12,1253.1543332025703,6135.14049347941,True
11,tot_meat,13,0.0,6135.14049347941,True
11,tot_meat,14,125.50564528104042,6260.64613876045,True
11,tot_meat,15,120.38317996983915,6381.02931873029,True
11,tot_meat,16,88.25902649616,6469.28834522645,True
11,tot_meat,17,349.3517960102308,6818.64014123668,True
11,tot_meat,18,22.825182494119872,6841.4653237308,True
11,tot_meat,19,485.0766211764694,7326.54194490727,True
11,tot_meat,20,4.176941176469882,7330.71888608374,True
11,tot_meat,21,0.0,7330.71888608374,True
11,tot_meat,22,880.7970226625403,8211.51590874628,True
11,tot_meat,23,106.42590813299103,8317.94181687927,True
11,tot_meat,24,51.97249512604867,8369.91431200532,True
11,tot_meat,25,434.89628105477095,8804.81059306009,True
11,tot_meat,26,0.0,8804.81059306009,True
11,tot_meat,27,93.15657200810892,8897.9671650682,True
11,tot_rat,1,4341.37492619898,4341.37492619898,True
11,tot_rat,2,11441.83036728432,15783.2052934833,True
11,tot_rat,3,1260.5050197580003,17043.7103132413,True
11,tot_rat,4,5178.2412296656,22221.9515429069,True
11,tot_rat,5,2015.7246641042002,24237.6762070111,True
11,tot_rat,6,3009.7615672825996,27247.4377742937,True
11,tot_rat,7,33625.5789784325,60873.0167527262,True
11,tot_rat,8,4693.808216441299,65566.8249691675,True
11,tot_rat,9,2791.599968397306,68358.4249375648,True
11,tot_rat,10,2058.449248389996,70416.8741859548,True
11,tot_rat,11,8429.2765305902,78846.150716545,True
11,tot_rat,12,20586.625229543904,99432.7759460889,True
11,tot_rat,13,19110.336031633095,118543.111977722,True
11,tot_rat,14,8466.549450061997,127009.661427784,True
11,tot_rat,15,2068.853308013,129078.514735797,True
11,tot_rat,16,838.8009457139997,129917.315681511,True
11,tot_rat,17,3114.77933094099,133032.095012452,True
11,tot_rat,18,6644.2688801140175,139676.363892566,True
11,tot_rat,19,1376.9762316209963,141053.340124187,True
11,tot_rat,20,13093.14193788101,154146.482062068,True
11,tot_rat,21,6097.589538600994,160244.071600669,True
11,tot_rat,22,8578.128220401006,168822.19982107,True
11,tot_rat,23,1549.6212942379934,170371.821115308,True
11,tot_rat,24,7051.205608805001,177423.026724113,True
11,tot_rat,25,3147.7564885869797,180570.7832127,True
11,tot_rat,26,797.1776888890017,181367.960901589,True
11,tot_rat,27,2960.8151957850205,184328.776097374,True
11,tot_rat_only,1,1294.53634578755,1294.53634578755,True
11,tot_rat_only,2,10666.87098964805,11961.4073354356,True
11,tot_rat_only,3,308.5458550723997,12269.953190508,True
11,tot_rat_only,4,1326.3798603175,13596.3330508255,True
11,tot_rat_only,5,1542.7292753623005,15139.0623261878,True
11,tot_rat_only,6,394.2530370370987,15533.3153632249,True
11,tot_rat_only,7,30827.433471999997,46360.7488352249,True
11,tot_rat_only,8,2645.0794666666043,49005.8283018915,True
11,tot_rat_only,9,276.48914285720093,49282.3174447487,True
11,tot_rat_only,10,0.0,49282.3174447487,True
11,tot_rat_only,11,5298.760817777693,54581.0782625264,True
11,tot_rat_only,12,18451.04213333341,73032.1203958598,True
11,tot_rat_only,13,17741.3866666666,90773.5070625264,True
11,tot_rat_only,14,5677.243733333395,96450.7507958598,True
11,tot_rat_only,15,0.0,96450.7507958598,True
11,tot_rat_only,16,0.0,96450.7507958598,True
11,tot_rat_only,17,2221.530156521694,98672.2809523815,True
11,tot_rat_only,18,4201.160362666502,102873.441315048,True
11,tot_rat_only,19,0.0,102873.441315048,True
11,tot_rat_only,20,0.0,102873.441315048,True
11,tot_rat_only,21,2483.7941333339986,105357.235448382,True
11,tot_rat_only,22,6797.752364912012,112154.987813294,True
11,tot_rat_only,23,0.0,112154.987813294,True
11,tot_rat_only,24,963.1038476190006,113118.091660913,True
11,tot_rat_only,25,0.0,113118.091660913,True
11,tot_rat_only,26,354.82773333298974,113472.919394246,True
11,tot_rat_only,27,440.4758068969968,113913.395201143,True
11,tot_tuber,1,2101.73352147102,2101.73352147102,True
11,tot_tuber,2,294.5296706337299,2396.26319210475,True
11,tot_tuber,3,530.15340714073,2926.41659924548,True
11,tot_tuber,4,2606.1785161216003,5532.59511536708,True
11,tot_tuber,5,255.25904788257958,5787.85416324966,True
11,tot_tuber,6,2195.3368968533305,7983.19106010299,True
11,tot_tuber,7,1246.4495661219898,9229.64062622498,True
11,tot_tuber,8,1159.8221423895193,10389.4627686145,True
11,tot_tuber,9,2504.3947145402,12893.8574831547,True
11,tot_tuber,10,0.0,12893.8574831547,True
11,tot_tuber,11,1806.448646553601,14700.3061297083,True
11,tot_tuber,12,94.0858670079997,14794.3919967163,True
11,tot_tuber,13,1368.9493649664,16163.3413616827,True
11,tot_tuber,14,650.3215127593012,16813.662874442,True
11,tot_tuber,15,1602.3546888901,18416.0175633321,True
11,tot_tuber,16,0.0,18416.0175633321,True
11,tot_tuber,17,520.3357514529998,18936.3533147851,True
11,tot_tuber,18,2357.4154837524,21293.7687985375,True
11,tot_tuber,19,885.854624752199,22179.6234232897,True
11,tot_tuber,20,451.6121616384007,22631.2355849281,True
11,tot_tuber,21,790.3212828672004,23421.5568677953,True
11,tot_tuber,22,808.1480787213986,24229.7049465167,True
11,tot_tuber,23,1443.1953861053007,25672.900332622,True
11,tot_tuber,24,1040.320872345601,26713.2212049676,True
11,tot_tuber,25,1790.8758133936972,28504.0970183613,True
11,tot_tuber,26,153.22555484159966,28657.3225732029,True
11,tot_tuber,27,1269.1859025355006,29926.5084757384,True
