resource,camp,target_day,history_end,model,actual,prediction,fallback,error
tot,2,4,3,other_camp_mean,401.19570912202016,1898.2038112634139,False,1497.0081021413937
tot,2,4,3,local_mean,401.19570912202016,463.0575423166133,False,61.861833194593146
tot,2,4,3,persistence,401.19570912202016,263.19249549401,False,-138.00321362801014
tot,2,4,3,exponential,401.19570912202016,295.00396930852344,False,-106.19173981349672
tot,2,4,3,michaelis_menten,401.19570912202016,315.4534219150157,False,-85.74228720700444
tot,2,4,3,holling_iii,401.19570912202016,146.19529494116705,False,-255.0004141808531
tot,2,5,4,other_camp_mean,5718.212818052931,1898.2038112634139,False,-3820.009006789517
tot,2,5,4,local_mean,5718.212818052931,447.592084017965,False,-5270.620734034966
tot,2,5,4,persistence,5718.212818052931,401.19570912202016,False,-5317.017108930911
tot,2,5,4,exponential,5718.212818052931,305.6296777323164,False,-5412.583140320614
tot,2,5,4,michaelis_menten,5718.212818052931,316.46683766902106,False,-5401.74598038391
tot,2,5,4,holling_iii,5718.212818052931,114.45186748168271,False,-5603.760950571248
tot,2,6,5,other_camp_mean,4647.01991863841,1898.2038112634139,False,-2748.816107374996
tot,2,6,5,local_mean,4647.01991863841,1501.7162308249583,False,-3145.3036878134517
tot,2,6,5,persistence,4647.01991863841,5718.212818052931,False,1071.192899414521
tot,2,6,5,exponential,4647.01991863841,1500.426661001261,False,-3146.593257637149
tot,2,6,5,michaelis_menten,4647.01991863841,1488.7048161455368,False,-3158.315102492873
tot,2,6,5,holling_iii,4647.01991863841,3857.694498743809,False,-789.3254198946006
tot,2,7,6,other_camp_mean,1126.5041132041006,1898.2038112634139,False,771.6996980593133
tot,2,7,6,local_mean,1126.5041132041006,2025.9335121272004,False,899.4293989230998
tot,2,7,6,persistence,1126.5041132041006,4647.01991863841,False,3520.515805434309
tot,2,7,6,exponential,1126.5041132041006,2023.2769685949916,False,896.772855390891
tot,2,7,6,michaelis_menten,1126.5041132041006,2005.8682033034493,False,879.3640900993487
tot,2,7,6,holling_iii,1126.5041132041006,4948.030300347953,False,3821.5261871438524
tot,2,8,7,other_camp_mean,1168.8784481099992,1898.2038112634139,False,729.3253631534146
tot,2,8,7,local_mean,1168.8784481099992,1897.443597995329,False,728.5651498853297
tot,2,8,7,persistence,1168.8784481099992,1126.5041132041006,False,-42.37433490589865
tot,2,8,7,exponential,1168.8784481099992,1895.1695893906526,False,726.2911412806534
tot,2,8,7,michaelis_menten,1168.8784481099992,1878.0071448025028,False,709.1286966925036
tot,2,8,7,holling_iii,1168.8784481099992,3215.9592902562363,False,2047.080842146237
tot,2,9,8,other_camp_mean,388.0612969410995,1898.2038112634139,False,1510.1425143223144
tot,2,9,8,local_mean,388.0612969410995,1806.3729542596627,False,1418.3116573185632
tot,2,9,8,persistence,388.0612969410995,1168.8784481099992,False,780.8171511688997
tot,2,9,8,exponential,388.0612969410995,1804.324514427246,False,1416.2632174861465
tot,2,9,8,michaelis_menten,388.0612969410995,1787.0459165956527,False,1398.9846196545532
tot,2,9,8,holling_iii,388.0612969410995,2173.4112498114573,False,1785.3499528703578
tot,5,4,3,other_camp_mean,80.0942852569101,2099.572694070412,False,2019.478408813502
tot,5,4,3,local_mean,80.0942852569101,560.7278692759166,False,480.63358401900655
tot,5,4,3,persistence,80.0942852569101,1343.289104796385,False,1263.1948195394748
tot,5,4,3,exponential,80.0942852569101,560.5815318938041,False,480.48724663689404
tot,5,4,3,michaelis_menten,80.0942852569101,557.8270374326387,False,477.7327521757286
tot,5,4,3,holling_iii,80.0942852569101,1410.5547348433377,False,1330.4604495864276
tot,6,4,3,other_camp_mean,949.4925358751308,1956.547049573299,False,1007.0545136981683
tot,6,4,3,local_mean,949.4925358751308,1784.4413638865365,False,834.9488280114057
tot,6,4,3,persistence,949.4925358751308,1862.9001667584,False,913.4076308832692
tot,6,4,3,exponential,949.4925358751308,1661.9638779462348,False,712.471342071104
tot,6,4,3,michaelis_menten,949.4925358751308,1658.6877259130606,False,709.1951900379298
tot,6,4,3,holling_iii,949.4925358751308,705.7265244083555,False,-243.76601146677524
tot,6,5,4,other_camp_mean,2765.9650859021795,1956.547049573299,False,-809.4180363288804
tot,6,5,4,local_mean,2765.9650859021795,1575.704156883685,False,-1190.2609290184944
tot,6,5,4,persistence,2765.9650859021795,949.4925358751308,False,-1816.4725500270488
tot,6,5,4,exponential,2765.9650859021795,1027.0847769634847,False,-1738.8803089386947
tot,6,5,4,michaelis_menten,2765.9650859021795,1071.9102671751589,False,-1694.0548187270206
tot,6,5,4,holling_iii,2765.9650859021795,475.23259542576034,False,-2290.732490476419
tot,6,6,5,other_camp_mean,389.0362336097496,1956.547049573299,False,1567.5108159635495
tot,6,6,5,local_mean,389.0362336097496,1813.756342687384,False,1424.7201090776343
tot,6,6,5,persistence,389.0362336097496,2765.9650859021795,False,2376.92885229243
tot,6,6,5,exponential,389.0362336097496,1812.6956174071674,False,1423.6593837974178
tot,6,6,5,michaelis_menten,389.0362336097496,1802.5250203749383,False,1413.4887867651887
tot,6,6,5,holling_iii,389.0362336097496,1551.1684283821287,False,1162.132194772379
tot,6,7,6,other_camp_mean,1298.157861525131,1956.547049573299,False,658.3891880481681
tot,6,7,6,local_mean,1298.157861525131,1576.302991174445,False,278.14512964931396
tot,6,7,6,persistence,1298.157861525131,389.0362336097496,False,-909.1216279153814
tot,6,7,6,exponential,1298.157861525131,1157.3365008374367,False,-140.82136068769432
tot,6,7,6,michaelis_menten,1298.157861525131,1187.123012003667,False,-111.03484952146391
tot,6,7,6,holling_iii,1298.157861525131,680.7621071934773,False,-617.3957543316537
tot,6,8,7,other_camp_mean,704.5409575344001,1956.547049573299,False,1252.006092038899
tot,6,8,7,local_mean,704.5409575344001,1536.5679726531143,False,832.0270151187142
tot,6,8,7,persistence,704.5409575344001,1298.157861525131,False,593.6169039907309
tot,6,8,7,exponential,704.5409575344001,1120.047583365009,False,415.50662583060875
tot,6,8,7,michaelis_menten,704.5409575344001,1146.0860866910298,False,441.5451291566296
tot,6,8,7,holling_iii,704.5409575344001,636.6704809522944,False,-67.87047658210577
tot,6,9,8,other_camp_mean,350.82049450409977,1956.547049573299,False,1605.7265550691993
tot,6,9,8,local_mean,350.82049450409977,1432.564595763275,False,1081.7441012591753
tot,6,9,8,persistence,350.82049450409977,704.5409575344001,False,353.7204630303004
tot,6,9,8,exponential,350.82049450409977,900.9641700475677,False,550.1436755434679
tot,6,9,8,michaelis_menten,350.82049450409977,950.288082941277,False,599.4675884371773
tot,6,9,8,holling_iii,350.82049450409977,497.2628849207067,False,146.44239041660694
tot,6,10,9,other_camp_mean,778.0089455985999,1956.547049573299,False,1178.5381039746992
tot,6,10,9,local_mean,778.0089455985999,1312.3708067344778,False,534.3618611358779
tot,6,10,9,persistence,778.0089455985999,350.82049450409977,False,-427.1884510945001
tot,6,10,9,exponential,778.0089455985999,686.8452348326318,False,-91.16371076596806
tot,6,10,9,michaelis_menten,778.0089455985999,763.7611979220037,False,-14.247747676596191
tot,6,10,9,holling_iii,778.0089455985999,372.1089973593207,False,-405.8999482392792
tot,6,11,10,other_camp_mean,2010.1119191867,1956.547049573299,False,-53.564869613401015
tot,6,11,10,local_mean,2010.1119191867,1258.93462062089,False,-751.1772985658101
tot,6,11,10,persistence,2010.1119191867,778.0089455985999,False,-1232.1029735881002
tot,6,11,10,exponential,2010.1119191867,625.316605214457,False,-1384.795313972243
tot,6,11,10,michaelis_menten,2010.1119191867,703.9365690412742,False,-1306.175350145426
tot,6,11,10,holling_iii,2010.1119191867,317.0979090175024,False,-1693.0140101691977
tot,6,12,11,other_camp_mean,35.72036999999909,1956.547049573299,False,1920.8266795733
tot,6,12,11,local_mean,35.72036999999909,1327.2234659450546,False,1291.5030959450555
tot,6,12,11,persistence,35.72036999999909,2010.1119191867,False,1974.391549186701
tot,6,12,11,exponential,35.72036999999909,837.2617604810621,False,801.541390481063
tot,6,12,11,michaelis_menten,35.72036999999909,861.7269496504141,False,826.006579650415
tot,6,12,11,holling_iii,35.72036999999909,354.8011258552833,False,319.0807558552842
tot,6,13,12,other_camp_mean,747.7496961585002,1956.547049573299,False,1208.7973534147989
tot,6,13,12,local_mean,747.7496961585002,1219.5982079496332,False,471.848511791133
tot,6,13,12,persistence,747.7496961585002,35.72036999999909,False,-712.0293261585011
tot,6,13,12,exponential,747.7496961585002,622.9483171866177,False,-124.80137897188251
tot,6,13,12,michaelis_menten,747.7496961585002,685.3459548775154,False,-62.40374128098483
tot,6,13,12,holling_iii,747.7496961585002,273.14215259692173,False,-474.6075435615785
tot,6,14,13,other_camp_mean,1269.538989589102,1956.547049573299,False,687.0080599841972
tot,6,14,13,local_mean,1269.538989589102,1183.3021685810845,False,-86.23682100801739
tot,6,14,13,persistence,1269.538989589102,747.7496961585002,False,-521.7892934306017
tot,6,14,13,exponential,1269.538989589102,585.2179240123514,False,-684.3210655767505
tot,6,14,13,michaelis_menten,1269.538989589102,647.888802808613,False,-621.6501867804889
tot,6,14,13,holling_iii,1269.538989589102,243.01790893596444,False,-1026.5210806531375
tot,6,15,14,other_camp_mean,937.8097182851998,1956.547049573299,False,1018.7373312880993
tot,6,15,14,local_mean,937.8097182851998,1189.4619415102286,False,251.65222322502882
tot,6,15,14,persistence,937.8097182851998,1269.538989589102,False,331.7292713039021
tot,6,15,14,exponential,937.8097182851998,635.9107861108423,False,-301.89893217435747
tot,6,15,14,michaelis_menten,937.8097182851998,678.9089818796747,False,-258.9007364055251
tot,6,15,14,holling_iii,937.8097182851998,237.9884663700359,False,-699.8212519151639
tot,6,16,15,other_camp_mean,3189.2965446331,1956.547049573299,False,-1232.749495059801
tot,6,16,15,local_mean,3189.2965446331,1172.68512662856,False,-2016.61141800454
tot,6,16,15,persistence,3189.2965446331,937.8097182851998,False,-2251.4868263479
tot,6,16,15,exponential,3189.2965446331,634.972946297512,False,-2554.323598335588
tot,6,16,15,michaelis_menten,3189.2965446331,671.6195603256601,False,-2517.67698430744
tot,6,16,15,holling_iii,3189.2965446331,224.61277849134603,False,-2964.683766141754
tot,9,4,3,other_camp_mean,1016.79152701971,2028.6715729545788,False,1011.8800459348688
tot,9,4,3,local_mean,1016.79152701971,917.80159348594,False,-98.98993353377
tot,9,4,3,persistence,1016.79152701971,868.6812917592399,False,-148.11023526047006
tot,9,4,3,exponential,1016.79152701971,760.1392968166829,False,-256.6522302030271
tot,9,4,3,michaelis_menten,1016.79152701971,763.0871133245864,False,-253.70441369512355
tot,9,4,3,holling_iii,1016.79152701971,314.09350755436935,False,-702.6980194653406
tot,9,5,4,other_camp_mean,559.6846923532898,2028.6715729545788,False,1468.986880601289
tot,9,5,4,local_mean,559.6846923532898,942.5490768693825,False,382.8643845160926
tot,9,5,4,persistence,559.6846923532898,1016.79152701971,False,457.1068346664201
tot,9,5,4,exponential,559.6846923532898,934.1651019002179,False,374.48040954692806
tot,9,5,4,michaelis_menten,559.6846923532898,933.8550130410349,False,374.17032068774506
tot,9,5,4,holling_iii,559.6846923532898,502.5315703351853,False,-57.15312201810457
tot,10,4,3,other_camp_mean,801.3362634308496,1948.0623539839917,False,1146.726090553142
tot,10,4,3,local_mean,801.3362634308496,1532.3965972426333,False,731.0603338117837
tot,10,4,3,persistence,801.3362634308496,1326.6122626355605,False,525.2759992047108
tot,10,4,3,exponential,801.3362634308496,899.1328971076855,False,97.79663367683588
tot,10,4,3,michaelis_menten,801.3362634308496,928.1402486127727,False,126.80398518192305
tot,10,4,3,holling_iii,801.3362634308496,317.46031135589874,False,-483.8759520749509
tot,11,4,3,other_camp_mean,3851.8613693481793,1738.3380945771414,False,-2113.523274771038
tot,11,4,3,local_mean,3851.8613693481793,1591.2523742444066,False,-2260.608995103773
tot,11,4,3,persistence,3851.8613693481793,951.95916468549,False,-2899.902204662689
tot,11,4,3,exponential,3851.8613693481793,178.54587907478162,False,-3673.3154902733977
tot,11,4,3,michaelis_menten,3851.8613693481793,330.62467486737023,False,-3521.236694480809
tot,11,4,3,holling_iii,3851.8613693481793,101.88537637517948,False,-3749.975992973
tot,11,5,4,other_camp_mean,472.9953887419106,1738.3380945771414,False,1265.3427058352308
tot,11,5,4,local_mean,472.9953887419106,2156.40462302035,False,1683.4092342784393
tot,11,5,4,persistence,472.9953887419106,3851.8613693481793,False,3378.8659806062687
tot,11,5,4,exponential,472.9953887419106,2155.1020217523255,False,1682.106633010415
tot,11,5,4,michaelis_menten,472.9953887419106,2145.025832095036,False,1672.0304433531255
tot,11,5,4,holling_iii,472.9953887419106,3970.1212453424687,False,3497.125856600558
tot,11,6,5,other_camp_mean,2615.50853024549,1738.3380945771414,False,-877.1704356683485
tot,11,6,5,local_mean,2615.50853024549,1819.722776164662,False,-795.7857540808279
tot,11,6,5,persistence,2615.50853024549,472.9953887419106,False,-2142.5131415035794
tot,11,6,5,exponential,2615.50853024549,1246.3250364536616,False,-1369.1834937918284
tot,11,6,5,michaelis_menten,2615.50853024549,1239.6084796253417,False,-1375.9000506201482
tot,11,6,5,holling_iii,2615.50853024549,1116.074675224544,False,-1499.4338550209459
tot,11,7,6,other_camp_mean,2798.1455064326,1738.3380945771414,False,-1059.8074118554587
tot,11,7,6,local_mean,2798.1455064326,1952.3537351781333,False,-845.7917712544668
tot,11,7,6,persistence,2798.1455064326,2615.50853024549,False,-182.63697618711012
tot,11,7,6,exponential,2798.1455064326,1933.1914979887842,False,-864.9540084438158
tot,11,7,6,michaelis_menten,2798.1455064326,1931.297590808479,False,-866.847915624121
tot,11,7,6,holling_iii,2798.1455064326,1608.327647277285,False,-1189.817859155315
tot,11,8,7,other_camp_mean,2048.7287497745,1738.3380945771414,False,-310.3906551973587
tot,11,8,7,local_mean,2048.7287497745,2073.1811310716284,False,24.45238129712834
tot,11,8,7,persistence,2048.7287497745,2798.1455064326,False,749.4167566581
tot,11,8,7,exponential,2048.7287497745,2071.3151777523726,False,22.586427977872518
tot,11,8,7,michaelis_menten,2048.7287497745,2056.0049451656414,False,7.2761953911413
tot,11,8,7,holling_iii,2048.7287497745,2151.9938132269144,False,103.26506345241432
tot,11,9,8,other_camp_mean,2515.1108255402,1738.3380945771414,False,-776.7727309630586
tot,11,9,8,local_mean,2515.1108255402,2070.1245834094875,False,-444.9862421307125
tot,11,9,8,persistence,2515.1108255402,2048.7287497745,False,-466.38207576569994
tot,11,9,8,exponential,2515.1108255402,2068.071738844199,False,-447.03908669600105
tot,11,9,8,michaelis_menten,2515.1108255402,2051.034484546817,False,-464.0763409933829
tot,11,9,8,holling_iii,2515.1108255402,1894.1985797845646,False,-620.9122457556355
tot,11,10,9,other_camp_mean,2058.4492483899994,1738.3380945771414,False,-320.111153812858
tot,11,10,9,local_mean,2058.4492483899994,2119.567499201789,False,61.118250811789494
tot,11,10,9,persistence,2058.4492483899994,2515.1108255402,False,456.6615771502006
tot,11,10,9,exponential,2058.4492483899994,2117.1234038289476,False,58.67415543894822
tot,11,10,9,michaelis_menten,2058.4492483899994,2097.61999573464,False,39.170747344640404
tot,11,10,9,holling_iii,2058.4492483899994,1987.7563224684345,False,-70.69292592156489
tot,11,11,10,other_camp_mean,3130.515712812401,1738.3380945771414,False,-1392.1776182352596
tot,11,11,10,local_mean,3130.515712812401,2113.4556741206097,False,-1017.0600386917913
tot,11,11,10,persistence,3130.515712812401,2058.4492483899994,False,-1072.0664644224016
tot,11,11,10,exponential,3130.515712812401,2110.832226661034,False,-1019.6834861513671
tot,11,11,10,michaelis_menten,3130.515712812401,2089.6306418680106,False,-1040.8850709443905
tot,11,11,10,holling_iii,3130.515712812401,1826.906575176352,False,-1303.6091376360491
tot,11,12,11,other_camp_mean,2135.583096210601,1738.3380945771414,False,-397.24500163345965
tot,11,12,11,local_mean,2135.583096210601,2205.9156776380455,False,70.33258142744444
tot,11,12,11,persistence,2135.583096210601,3130.515712812401,False,994.9326166018
tot,11,12,11,exponential,2135.583096210601,2202.6328122931773,False,67.0497160825762
tot,11,12,11,michaelis_menten,2135.583096210601,2178.0753642326817,False,42.49226802208068
tot,11,12,11,holling_iii,2135.583096210601,2154.007273036881,False,18.424176826280018
tot,11,13,12,other_camp_mean,1368.9493649664,1738.3380945771414,False,369.3887296107414
tot,11,13,12,local_mean,1368.9493649664,2200.0546291857586,False,831.1052642193586
tot,11,13,12,persistence,1368.9493649664,2135.583096210601,False,766.633731244201
tot,11,13,12,exponential,1368.9493649664,2196.589361281898,False,827.6399963154981
tot,11,13,12,michaelis_menten,1368.9493649664,2170.3177309712373,False,801.3683660048373
tot,11,13,12,holling_iii,1368.9493649664,1987.4901472678503,False,618.5407823014502
tot,11,14,13,other_camp_mean,2789.3057167283005,1738.3380945771414,False,-1050.967622151159
tot,11,14,13,local_mean,2789.3057167283005,2136.1234550150384,False,-653.182261713262
tot,11,14,13,persistence,2789.3057167283005,1368.9493649664,False,-1420.3563517619004
tot,11,14,13,exponential,2789.3057167283005,2132.8059865967807,False,-656.4997301315198
tot,11,14,13,michaelis_menten,2789.3057167283005,2105.9685764833557,False,-683.3371402449447
tot,11,14,13,holling_iii,2789.3057167283005,1657.9803491256062,False,-1131.3253676026943
tot,11,15,14,other_camp_mean,2068.853308013797,1738.3380945771414,False,-330.51521343665536
tot,11,15,14,local_mean,2068.853308013797,2182.7793308517003,False,113.92602283790347
tot,11,15,14,persistence,2068.853308013797,2789.3057167283005,False,720.4524087145037
tot,11,15,14,exponential,2068.853308013797,2178.955147235494,False,110.10183922169745
tot,11,15,14,michaelis_menten,2068.853308013797,2149.287138259977,False,80.43383024618015
tot,11,15,14,holling_iii,2068.853308013797,1767.0461799290315,False,-301.8071280847653
tot,11,16,15,other_camp_mean,838.8009457135995,1738.3380945771414,False,899.5371488635419
tot,11,16,15,local_mean,838.8009457135995,2175.1842626625066,False,1336.3833169489071
tot,11,16,15,persistence,838.8009457135995,2068.853308013797,False,1230.0523623001973
tot,11,16,15,exponential,838.8009457135995,2171.187523771172,False,1332.3865780575725
tot,11,16,15,michaelis_menten,838.8009457135995,2139.851711948286,False,1301.0507662346863
tot,11,16,15,holling_iii,838.8009457135995,1688.4020917532762,False,849.6011460396767
tot,11,17,16,other_camp_mean,893.2491744197032,1738.3380945771414,False,845.0889201574382
tot,11,17,16,local_mean,893.2491744197032,2091.6603053532,False,1198.4111309334967
tot,11,17,16,persistence,893.2491744197032,838.8009457135995,False,-54.44822870610369
tot,11,17,16,exponential,893.2491744197032,2024.7389910757774,False,1131.4898166560743
tot,11,17,16,michaelis_menten,893.2491744197032,2027.9865687575075,False,1134.7373943378043
tot,11,17,16,holling_iii,893.2491744197032,1402.3495651806043,False,509.10039076090106
tot,11,18,17,other_camp_mean,2443.108517446497,1738.3380945771414,False,-704.7704228693556
tot,11,18,17,local_mean,2443.108517446497,2021.1655329453472,False,-421.9429845011498
tot,11,18,17,persistence,2443.108517446497,893.2491744197032,False,-1549.8593430267938
tot,11,18,17,exponential,2443.108517446497,1788.974028475488,False,-654.134488971009
tot,11,18,17,michaelis_menten,2443.108517446497,1805.7704801170185,False,-637.3380373294785
tot,11,18,17,holling_iii,2443.108517446497,1212.0902059961409,False,-1231.0183114503561
tot,11,19,18,other_camp_mean,1376.9762316211054,1738.3380945771414,False,361.361862956036
tot,11,19,18,local_mean,1376.9762316211054,2044.6068098620776,False,667.6305782409722
tot,11,19,18,persistence,1376.9762316211054,2443.108517446497,False,1066.1322858253916
tot,11,19,18,exponential,1376.9762316211054,1887.2372742653242,False,510.26104264421883
tot,11,19,18,michaelis_menten,1376.9762316211054,1895.1983465325102,False,518.2221149114048
tot,11,19,18,holling_iii,1376.9762316211054,1236.273148024644,False,-140.7030835964615
tot,11,20,19,other_camp_mean,13093.141937881495,1738.3380945771414,False,-11354.803843304355
tot,11,20,19,local_mean,13093.141937881495,2009.4683583757107,False,-11083.673579505785
tot,11,20,19,persistence,13093.141937881495,1376.9762316211054,False,-11716.16570626039
tot,11,20,19,exponential,13093.141937881495,1780.2420642677025,False,-11312.899873613793
tot,11,20,19,michaelis_menten,13093.141937881495,1794.0681099432186,False,-11299.073827938277
tot,11,20,19,holling_iii,13093.141937881495,1143.130960487615,False,-11950.01097739388
tot,11,21,20,other_camp_mean,3613.7954052672,1738.3380945771414,False,-1875.4573106900584
tot,11,21,20,local_mean,3613.7954052672,2563.652037351,False,-1050.1433679161996
tot,11,21,20,persistence,3613.7954052672,13093.141937881495,False,9479.346532614296
tot,11,21,20,exponential,3613.7954052672,2554.422458466848,False,-1059.3729468003517
tot,11,21,20,michaelis_menten,3613.7954052672,2501.9161449318344,False,-1111.8792603353654
tot,11,21,20,holling_iii,3613.7954052672,4616.287964476593,False,1002.4925592093928
tot,11,22,21,other_camp_mean,1780.3758554891028,1738.3380945771414,False,-42.03776091196141
tot,11,22,21,local_mean,1780.3758554891028,2613.6588643946284,False,833.2830089055255
tot,11,22,21,persistence,1780.3758554891028,3613.7954052672,False,1833.419549778097
tot,11,22,21,exponential,1780.3758554891028,2603.618964350484,False,823.2431088613812
tot,11,22,21,michaelis_menten,1780.3758554891028,2547.803787801502,False,767.4279323123992
tot,11,22,21,holling_iii,1780.3758554891028,4695.9942888804,False,2915.618433391297
tot,11,23,22,other_camp_mean,1549.6212942383936,1738.3380945771414,False,188.71680033874782
tot,11,23,22,local_mean,1549.6212942383936,2575.782363989832,False,1026.1610697514384
tot,11,23,22,persistence,1549.6212942383936,1780.3758554891028,False,230.75456125070923
tot,11,23,22,exponential,1549.6212942383936,2565.977124760735,False,1016.3558305223414
tot,11,23,22,michaelis_menten,1549.6212942383936,2509.43052802686,False,959.8092337884664
tot,11,23,22,holling_iii,1549.6212942383936,4050.8338037660724,False,2501.212509527679
tot,11,24,23,other_camp_mean,6088.101761185906,1738.3380945771414,False,-4349.763666608765
tot,11,24,23,local_mean,6088.101761185906,2531.166665304987,False,-3556.935095880919
tot,11,24,23,persistence,6088.101761185906,1549.6212942383936,False,-4538.4804669475125
tot,11,24,23,exponential,6088.101761185906,2521.677423403904,False,-3566.424337782002
tot,11,24,23,michaelis_menten,6088.101761185906,2464.660651940292,False,-3623.441109245614
tot,11,24,23,holling_iii,6088.101761185906,3187.9137993095646,False,-2900.1879618763414
tot,11,25,24,other_camp_mean,3147.756488586303,1738.3380945771414,False,-1409.4183940091616
tot,11,25,24,local_mean,3147.756488586303,2679.372294300025,False,-468.3841942862782
tot,11,25,24,persistence,3147.756488586303,6088.101761185906,False,2940.345272599603
tot,11,25,24,exponential,3147.756488586303,2667.6547649968415,False,-480.10172358946147
tot,11,25,24,michaelis_menten,3147.756488586303,2603.807375664517,False,-543.9491129217859
tot,11,25,24,holling_iii,3147.756488586303,4150.564312152877,False,1002.8078235665744
tot,11,26,25,other_camp_mean,442.3499555558956,1738.3380945771414,False,1295.9881390212458
tot,11,26,25,local_mean,442.3499555558956,2698.107662071476,False,2255.7577065155806
tot,11,26,25,persistence,442.3499555558956,3147.756488586303,False,2705.4065330304074
tot,11,26,25,exponential,442.3499555558956,2685.865270887938,False,2243.5153153320425
tot,11,26,25,michaelis_menten,442.3499555558956,2619.4370729185466,False,2177.087117362651
tot,11,26,25,holling_iii,442.3499555558956,3864.5822186670484,False,3422.232263111153
tot,11,27,26,other_camp_mean,2520.339388888504,1738.3380945771414,False,-782.0012943113625
tot,11,27,26,local_mean,2520.339388888504,2611.3477502824153,False,91.0083613939114
tot,11,27,26,persistence,2520.339388888504,442.3499555558956,False,-2077.9894333326083
tot,11,27,26,exponential,2520.339388888504,2600.116714536416,False,79.77732564791222
tot,11,27,26,michaelis_menten,2520.339388888504,2534.809243869444,False,14.46985498094
tot,11,27,26,holling_iii,2520.339388888504,3008.7323602495235,False,488.3929713610196
tot_rat,2,4,3,other_camp_mean,401.19570912202016,6613.468309454175,False,6212.272600332155
tot_rat,2,4,3,local_mean,401.19570912202016,463.0575423166133,False,61.861833194593146
tot_rat,2,4,3,persistence,401.19570912202016,263.19249549401,False,-138.00321362801014
tot_rat,2,4,3,exponential,401.19570912202016,295.00396930852344,False,-106.19173981349672
tot_rat,2,4,3,michaelis_menten,401.19570912202016,315.4534219150157,False,-85.74228720700444
tot_rat,2,4,3,holling_iii,401.19570912202016,146.19529494116705,False,-255.0004141808531
tot_rat,2,5,4,other_camp_mean,5718.212818052931,6613.468309454175,False,895.2554914012444
tot_rat,2,5,4,local_mean,5718.212818052931,447.592084017965,False,-5270.620734034966
tot_rat,2,5,4,persistence,5718.212818052931,401.19570912202016,False,-5317.017108930911
tot_rat,2,5,4,exponential,5718.212818052931,305.6296777323164,False,-5412.583140320614
tot_rat,2,5,4,michaelis_menten,5718.212818052931,316.46683766902106,False,-5401.74598038391
tot_rat,2,5,4,holling_iii,5718.212818052931,114.45186748168271,False,-5603.760950571248
tot_rat,2,6,5,other_camp_mean,4647.01991863841,6613.468309454175,False,1966.4483908157654
tot_rat,2,6,5,local_mean,4647.01991863841,1501.7162308249583,False,-3145.3036878134517
tot_rat,2,6,5,persistence,4647.01991863841,5718.212818052931,False,1071.192899414521
tot_rat,2,6,5,exponential,4647.01991863841,1500.426661001261,False,-3146.593257637149
tot_rat,2,6,5,michaelis_menten,4647.01991863841,1488.7048161455368,False,-3158.315102492873
tot_rat,2,6,5,holling_iii,4647.01991863841,3857.694498743809,False,-789.3254198946006
tot_rat,2,7,6,other_camp_mean,1126.5041132041006,6613.468309454175,False,5486.964196250075
tot_rat,2,7,6,local_mean,1126.5041132041006,2025.9335121272004,False,899.4293989230998
tot_rat,2,7,6,persistence,1126.5041132041006,4647.01991863841,False,3520.515805434309
tot_rat,2,7,6,exponential,1126.5041132041006,2023.2769685949916,False,896.772855390891
tot_rat,2,7,6,michaelis_menten,1126.5041132041006,2005.8682033034493,False,879.3640900993487
tot_rat,2,7,6,holling_iii,1126.5041132041006,4948.030300347953,False,3821.5261871438524
tot_rat,2,8,7,other_camp_mean,1168.8784481099992,6613.468309454175,False,5444.589861344176
tot_rat,2,8,7,local_mean,1168.8784481099992,1897.443597995329,False,728.5651498853297
tot_rat,2,8,7,persistence,1168.8784481099992,1126.5041132041006,False,-42.37433490589865
tot_rat,2,8,7,exponential,1168.8784481099992,1895.1695893906526,False,726.2911412806534
tot_rat,2,8,7,michaelis_menten,1168.8784481099992,1878.0071448025028,False,709.1286966925036
tot_rat,2,8,7,holling_iii,1168.8784481099992,3215.9592902562363,False,2047.080842146237
tot_rat,2,9,8,other_camp_mean,388.0612969410995,6613.468309454175,False,6225.407012513076
tot_rat,2,9,8,local_mean,388.0612969410995,1806.3729542596627,False,1418.3116573185632
tot_rat,2,9,8,persistence,388.0612969410995,1168.8784481099992,False,780.8171511688997
tot_rat,2,9,8,exponential,388.0612969410995,1804.324514427246,False,1416.2632174861465
tot_rat,2,9,8,michaelis_menten,388.0612969410995,1787.0459165956527,False,1398.9846196545532
tot_rat,2,9,8,holling_iii,388.0612969410995,2173.4112498114573,False,1785.3499528703578
tot_rat,5,4,3,other_camp_mean,7722.537772436401,5809.491947816731,False,-1913.0458246196695
tot_rat,5,4,3,local_mean,7722.537772436401,6056.0086624383,False,-1666.5291099981005
tot_rat,5,4,3,persistence,7722.537772436401,2980.9555663348,False,-4741.582206101601
tot_rat,5,4,3,exponential,7722.537772436401,5998.054174413879,False,-1724.4835980225216
tot_rat,5,4,3,michaelis_menten,7722.537772436401,6006.649692276114,False,-1715.8880801602863
tot_rat,5,4,3,holling_iii,7722.537772436401,3186.778013497358,False,-4535.7597589390425
tot_rat,6,4,3,other_camp_mean,3315.01075809736,6107.8169981892015,False,2792.8062400918416
tot_rat,6,4,3,local_mean,3315.01075809736,2160.4981069064766,False,-1154.5126511908834
tot_rat,6,4,3,persistence,3315.01075809736,2336.003811202841,False,-979.0069468945189
tot_rat,6,4,3,exponential,3315.01075809736,2159.512934449438,False,-1155.497823647922
tot_rat,6,4,3,michaelis_menten,3315.01075809736,2151.648333712952,False,-1163.3624243844079
tot_rat,6,4,3,holling_iii,3315.01075809736,1267.6337548900565,False,-2047.3770032073035
tot_rat,6,5,4,other_camp_mean,3857.7427269278105,6107.8169981892015,False,2250.074271261391
tot_rat,6,5,4,local_mean,3857.7427269278105,2449.1262697041975,False,-1408.616457223613
tot_rat,6,5,4,persistence,3857.7427269278105,3315.01075809736,False,-542.7319688304506
tot_rat,6,5,4,exponential,3857.7427269278105,2447.3704058477924,False,-1410.372321080018
tot_rat,6,5,4,michaelis_menten,3857.7427269278105,2435.893063399213,False,-1421.8496635285974
tot_rat,6,5,4,holling_iii,3857.7427269278105,2579.227995008734,False,-1278.5147319190764
tot_rat,6,6,5,other_camp_mean,6471.797376466899,6107.8169981892015,False,-363.9803782776971
tot_rat,6,6,5,local_mean,6471.797376466899,2730.84956114892,False,-3740.9478153179784
tot_rat,6,6,5,persistence,6471.797376466899,3857.7427269278105,False,-2614.054649539088
tot_rat,6,6,5,exponential,6471.797376466899,2728.075270717163,False,-3743.7221057497354
tot_rat,6,6,5,michaelis_menten,6471.797376466899,2712.5957911714377,False,-3759.201585295461
tot_rat,6,6,5,holling_iii,6471.797376466899,3519.6298002229687,False,-2952.16757624393
tot_rat,6,7,6,other_camp_mean,2987.9970072215,6107.8169981892015,False,3119.8199909677014
tot_rat,6,7,6,local_mean,2987.9970072215,3354.3408637019165,False,366.34385648041643
tot_rat,6,7,6,persistence,2987.9970072215,6471.797376466899,False,3483.8003692453985
tot_rat,6,7,6,exponential,2987.9970072215,3348.8065449533715,False,360.8095377318714
tot_rat,6,7,6,michaelis_menten,2987.9970072215,3326.284065383159,False,338.28705816165893
tot_rat,6,7,6,holling_iii,2987.9970072215,6769.6890198549445,False,3781.6920126334444
tot_rat,6,8,7,other_camp_mean,704.540957534402,6107.8169981892015,False,5403.2760406547995
tot_rat,6,8,7,local_mean,704.540957534402,3302.006027061857,False,2597.465069527455
tot_rat,6,8,7,persistence,704.540957534402,2987.9970072215,False,2283.456049687098
tot_rat,6,8,7,exponential,704.540957534402,3296.398935678437,False,2591.857978144035
tot_rat,6,8,7,michaelis_menten,704.540957534402,3272.0278196638246,False,2567.4868621294227
tot_rat,6,8,7,holling_iii,704.540957534402,4062.7361419038753,False,3358.1951843694733
tot_rat,6,9,8,other_camp_mean,350.8204945039979,6107.8169981892015,False,5756.996503685204
tot_rat,6,9,8,local_mean,350.8204945039979,2977.322893370925,False,2626.5023988669273
tot_rat,6,9,8,persistence,350.8204945039979,704.540957534402,False,353.72046303040406
tot_rat,6,9,8,exponential,350.8204945039979,2973.02522625689,False,2622.2047317528923
tot_rat,6,9,8,michaelis_menten,350.8204945039979,2949.6865526699985,False,2598.8660581660006
tot_rat,6,9,8,holling_iii,350.8204945039979,2351.22702785633,False,2000.4065333523322
tot_rat,6,10,9,other_camp_mean,5671.766404161102,6107.8169981892015,False,436.0505940280991
tot_rat,6,10,9,local_mean,5671.766404161102,2685.489293496822,False,-2986.2771106642804
tot_rat,6,10,9,persistence,5671.766404161102,350.8204945039979,False,-5320.9459096571045
tot_rat,6,10,9,exponential,5671.766404161102,2327.490639162217,False,-3344.2757649988853
tot_rat,6,10,9,michaelis_menten,5671.766404161102,2377.429394235769,False,-3294.3370099253334
tot_rat,6,10,9,holling_iii,5671.766404161102,1605.1990168867633,False,-4066.567387274339
tot_rat,6,11,10,other_camp_mean,16210.377442099798,6107.8169981892015,False,-10102.560443910595
tot_rat,6,11,10,local_mean,16210.377442099798,2984.1170045632502,False,-13226.260437536548
tot_rat,6,11,10,persistence,16210.377442099798,5671.766404161102,False,-10538.611037938696
tot_rat,6,11,10,exponential,16210.377442099798,2978.7928976459916,False,-13231.584544453806
tot_rat,6,11,10,michaelis_menten,16210.377442099798,2950.167213785746,False,-13260.210228314052
tot_rat,6,11,10,holling_iii,16210.377442099798,2017.8549432914551,False,-14192.522498808343
tot_rat,6,12,11,other_camp_mean,1326.003036666698,6107.8169981892015,False,4781.813961522504
tot_rat,6,12,11,local_mean,1326.003036666698,4186.504317066573,False,2860.501280399875
tot_rat,6,12,11,persistence,1326.003036666698,16210.377442099798,False,14884.3744054331
tot_rat,6,12,11,exponential,1326.003036666698,4170.412476983482,False,2844.4094403167837
tot_rat,6,12,11,michaelis_menten,1326.003036666698,4123.675850462125,False,2797.672813795427
tot_rat,6,12,11,holling_iii,1326.003036666698,8429.3692457629,False,7103.3662090962025
tot_rat,6,13,12,other_camp_mean,3933.957913845603,6107.8169981892015,False,2173.8590843435986
tot_rat,6,13,12,local_mean,3933.957913845603,3948.1292103665833,False,14.171296520980377
tot_rat,6,13,12,persistence,3933.957913845603,1326.003036666698,False,-2607.954877178905
tot_rat,6,13,12,exponential,3933.957913845603,3934.201324504931,False,0.24341065932821948
tot_rat,6,13,12,michaelis_menten,3933.957913845603,3887.901685638237,False,-46.056228207366075
tot_rat,6,13,12,holling_iii,3933.957913845603,6550.997555882401,False,2617.039642036798
tot_rat,6,14,13,other_camp_mean,2473.7469163310016,6107.8169981892015,False,3634.0700818582
tot_rat,6,14,13,local_mean,2473.7469163310016,3947.0391106342,False,1473.2921943031984
tot_rat,6,14,13,persistence,2473.7469163310016,3933.957913845603,False,1460.2109975146013
tot_rat,6,14,13,exponential,2473.7469163310016,3932.6276726991055,False,1458.880756368104
tot_rat,6,14,13,michaelis_menten,2473.7469163310016,3883.6854974573143,False,1409.9385811263128
tot_rat,6,14,13,holling_iii,2473.7469163310016,5271.537765991197,False,2797.790849660196
tot_rat,6,15,14,other_camp_mean,17836.201175248098,6107.8169981892015,False,-11728.384177058895
tot_rat,6,15,14,local_mean,17836.201175248098,3841.803953898257,False,-13994.39722134984
tot_rat,6,15,14,persistence,17836.201175248098,2473.7469163310016,False,-15362.454258917096
tot_rat,6,15,14,exponential,17836.201175248098,3828.082142526895,False,-14008.119032721203
tot_rat,6,15,14,michaelis_menten,17836.201175248098,3778.0909414925336,False,-14058.110233755564
tot_rat,6,15,14,holling_iii,17836.201175248098,4126.391845895072,False,-13709.809329353026
tot_rat,6,16,15,other_camp_mean,3301.5936734244024,6107.8169981892015,False,2806.223324764799
tot_rat,6,16,15,local_mean,3301.5936734244024,4774.763768654913,False,1473.170095230511
tot_rat,6,16,15,persistence,3301.5936734244024,17836.201175248098,False,14534.607501823695
tot_rat,6,16,15,exponential,3301.5936734244024,4747.213710898141,False,1445.6200374737382
tot_rat,6,16,15,michaelis_menten,3301.5936734244024,4680.299041934151,False,1378.705368509749
tot_rat,6,16,15,holling_iii,3301.5936734244024,9350.121631097747,False,6048.527957673345
tot_rat,9,4,3,other_camp_mean,3524.240842575193,5314.149271399309,False,1789.9084288241165
tot_rat,9,4,3,local_mean,3524.240842575193,12149.507400046801,False,8625.266557471608
tot_rat,9,4,3,persistence,3524.240842575193,8296.408509537105,False,4772.167666961912
tot_rat,9,4,3,exponential,3524.240842575193,8572.69179209727,False,5048.450949522077
tot_rat,9,4,3,michaelis_menten,3524.240842575193,8930.081488760363,False,5405.84064618517
tot_rat,9,4,3,holling_iii,3524.240842575193,4037.4300199207355,False,513.1891773455427
tot_rat,9,5,4,other_camp_mean,7250.721949496205,5314.149271399309,False,-1936.5726780968953
tot_rat,9,5,4,local_mean,7250.721949496205,9993.1907606789,False,2742.4688111826945
tot_rat,9,5,4,persistence,7250.721949496205,3524.240842575193,False,-3726.481106921012
tot_rat,9,5,4,exponential,7250.721949496205,4505.653348750187,False,-2745.068600746017
tot_rat,9,5,4,michaelis_menten,7250.721949496205,5330.434094175354,False,-1920.2878553208502
tot_rat,9,5,4,holling_iii,7250.721949496205,2130.5158787765613,False,-5120.206070719643
tot_rat,10,4,3,other_camp_mean,7454.3562634308,5757.881609484776,False,-1696.4746539460239
tot_rat,10,4,3,local_mean,7454.3562634308,6558.285205429133,False,-896.0710580016666
tot_rat,10,4,3,persistence,7454.3562634308,5202.881618377902,False,-2251.4746450528983
tot_rat,10,4,3,exponential,7454.3562634308,3355.780949408192,False,-4098.575314022608
tot_rat,10,4,3,michaelis_menten,7454.3562634308,3573.266195029908,False,-3881.090068400892
tot_rat,10,4,3,holling_iii,7454.3562634308,1237.3955895030667,False,-6216.960673927733
tot_rat,11,4,3,other_camp_mean,5178.2412296656,5750.433486588011,False,572.1922569224107
tot_rat,11,4,3,local_mean,5178.2412296656,5681.236771080433,False,502.9955414148326
tot_rat,11,4,3,persistence,5178.2412296656,1260.5050197580003,False,-3917.7362099076
tot_rat,11,4,3,exponential,5178.2412296656,3948.9941592477007,False,-1229.2470704178995
tot_rat,11,4,3,michaelis_menten,5178.2412296656,4249.714554882768,False,-928.5266747828318
tot_rat,11,4,3,holling_iii,5178.2412296656,2307.4942105317023,False,-2870.747019133898
tot_rat,11,5,4,other_camp_mean,2015.7246641042,5750.433486588011,False,3734.7088224838108
tot_rat,11,5,4,local_mean,2015.7246641042,5555.487885726725,False,3539.7632216225247
tot_rat,11,5,4,persistence,2015.7246641042,5178.2412296656,False,3162.5165655614
tot_rat,11,5,4,exponential,2015.7246641042,4070.2520399207715,False,2054.5273758165713
tot_rat,11,5,4,michaelis_menten,2015.7246641042,4241.814304364332,False,2226.089640260132
tot_rat,11,5,4,holling_iii,2015.7246641042,1627.8093152966358,False,-387.9153488075642
tot_rat,11,6,5,other_camp_mean,3009.7615672826,5750.433486588011,False,2740.671919305411
tot_rat,11,6,5,local_mean,3009.7615672826,4847.53524140222,False,1837.77367411962
tot_rat,11,6,5,persistence,3009.7615672826,2015.7246641042,False,-994.0369031784
tot_rat,11,6,5,exponential,3009.7615672826,2650.6202179402935,False,-359.1413493423065
tot_rat,11,6,5,michaelis_menten,3009.7615672826,2990.277727381723,False,-19.48383990087723
tot_rat,11,6,5,holling_iii,3009.7615672826,1010.7663929313348,False,-1998.9951743512652
tot_rat,11,7,6,other_camp_mean,33625.5789784325,5750.433486588011,False,-27875.14549184449
tot_rat,11,7,6,local_mean,33625.5789784325,4541.23962904895,False,-29084.339349383554
tot_rat,11,7,6,persistence,33625.5789784325,3009.7615672826,False,-30615.817411149903
tot_rat,11,7,6,exponential,33625.5789784325,2301.4663610484713,False,-31324.11261738403
tot_rat,11,7,6,michaelis_menten,33625.5789784325,2630.7647246669258,False,-30994.814253765577
tot_rat,11,7,6,holling_iii,33625.5789784325,713.856680101333,False,-32911.722298331166
tot_rat,11,8,7,other_camp_mean,4693.808216441299,5750.433486588011,False,1056.625270146712
tot_rat,11,8,7,local_mean,4693.808216441299,8696.145250389458,False,4002.337033948159
tot_rat,11,8,7,persistence,4693.808216441299,33625.5789784325,False,28931.770761991203
tot_rat,11,8,7,exponential,4693.808216441299,8648.070886706206,False,3954.262670264907
tot_rat,11,8,7,michaelis_menten,4693.808216441299,8606.793966483128,False,3912.9857500418293
tot_rat,11,8,7,holling_iii,4693.808216441299,18587.074853443766,False,13893.266637002467
tot_rat,11,9,8,other_camp_mean,2791.599968397306,5750.433486588011,False,2958.833518190705
tot_rat,11,9,8,local_mean,2791.599968397306,8195.853121145938,False,5404.253152748632
tot_rat,11,9,8,persistence,2791.599968397306,4693.808216441299,False,1902.208248043993
tot_rat,11,9,8,exponential,2791.599968397306,8153.734441219611,False,5362.134472822305
tot_rat,11,9,8,michaelis_menten,2791.599968397306,8108.353313783671,False,5316.753345386365
tot_rat,11,9,8,holling_iii,2791.599968397306,15896.67858175897,False,13105.078613361664
tot_rat,11,10,9,other_camp_mean,2058.449248389996,5750.433486588011,False,3691.984238198015
tot_rat,11,10,9,local_mean,2058.449248389996,7595.380548618312,False,5536.931300228316
tot_rat,11,10,9,persistence,2058.449248389996,2791.599968397306,False,733.1507200073102
tot_rat,11,10,9,exponential,2058.449248389996,7560.337993616107,False,5501.8887452261115
tot_rat,11,10,9,michaelis_menten,2058.449248389996,7512.0478940259345,False,5453.598645635939
tot_rat,11,10,9,holling_iii,2058.449248389996,8872.660398137523,False,6814.211149747527
tot_rat,11,11,10,other_camp_mean,8429.2765305902,5750.433486588011,False,-2678.8430440021884
tot_rat,11,11,10,local_mean,8429.2765305902,7041.68741859548,False,-1387.5891119947191
tot_rat,11,11,10,persistence,8429.2765305902,2058.449248389996,False,-6370.827282200204
tot_rat,11,11,10,exponential,8429.2765305902,7012.7153867539455,False,-1416.561143836254
tot_rat,11,11,10,michaelis_menten,8429.2765305902,6962.56954247391,False,-1466.7069881162897
tot_rat,11,11,10,holling_iii,8429.2765305902,6096.213957471991,False,-2333.062573118208
tot_rat,11,12,11,other_camp_mean,20586.625229543904,5750.433486588011,False,-14836.191742955893
tot_rat,11,12,11,local_mean,20586.625229543904,7167.831883322273,False,-13418.793346221632
tot_rat,11,12,11,persistence,20586.625229543904,8429.2765305902,False,-12157.348698953705
tot_rat,11,12,11,exponential,20586.625229543904,7134.49081608055,False,-13452.134413463355
tot_rat,11,12,11,michaelis_menten,20586.625229543904,7079.278805220383,False,-13507.346424323521
tot_rat,11,12,11,holling_iii,20586.625229543904,5974.272857123811,False,-14612.352372420093
tot_rat,11,13,12,other_camp_mean,19110.33603163309,5750.433486588011,False,-13359.902545045079
tot_rat,11,13,12,local_mean,19110.33603163309,8286.064662174076,False,-10824.271369459015
tot_rat,11,13,12,persistence,19110.33603163309,20586.625229543904,False,1476.2891979108135
tot_rat,11,13,12,exponential,19110.33603163309,8228.537572523128,False,-10881.798459109963
tot_rat,11,13,12,michaelis_menten,19110.33603163309,8164.327361355652,False,-10946.008670277439
tot_rat,11,13,12,holling_iii,19110.33603163309,10769.043779091633,False,-8341.292252541458
tot_rat,11,14,13,other_camp_mean,8466.549450061997,5750.433486588011,False,-2716.115963473986
tot_rat,11,14,13,local_mean,8466.549450061997,9118.70092136323,False,652.151471301233
tot_rat,11,14,13,persistence,8466.549450061997,19110.33603163309,False,10643.786581571094
tot_rat,11,14,13,exponential,8466.549450061997,9038.224613520986,False,571.6751634589891
tot_rat,11,14,13,michaelis_menten,8466.549450061997,8968.707815005706,False,502.1583649437089
tot_rat,11,14,13,holling_iii,8466.549450061997,16942.846329940978,False,8476.29687987898
tot_rat,11,15,14,other_camp_mean,2068.853308013,5750.433486588011,False,3681.580178575011
tot_rat,11,15,14,local_mean,2068.853308013,9072.118673413142,False,7003.265365400142
tot_rat,11,15,14,persistence,2068.853308013,8466.549450061997,False,6397.696142048997
tot_rat,11,15,14,exponential,2068.853308013,8990.253765044967,False,6921.400457031967
tot_rat,11,15,14,michaelis_menten,2068.853308013,8916.15287512289,False,6847.299567109891
tot_rat,11,15,14,holling_iii,2068.853308013,12518.905413665576,False,10450.052105652576
tot_rat,11,16,15,other_camp_mean,838.8009457139997,5750.433486588011,False,4911.632540874011
tot_rat,11,16,15,local_mean,838.8009457139997,8605.2343157198,False,7766.4333700058
tot_rat,11,16,15,persistence,838.8009457139997,2068.853308013,False,1230.0523622990004
tot_rat,11,16,15,exponential,838.8009457139997,8533.67170327573,False,7694.87075756173
tot_rat,11,16,15,michaelis_menten,838.8009457139997,8455.539439737782,False,7616.738494023783
tot_rat,11,16,15,holling_iii,838.8009457139997,8670.509545753332,False,7831.708600039332
tot_rat,11,17,16,other_camp_mean,3114.77933094099,5750.433486588011,False,2635.654155647021
tot_rat,11,17,16,local_mean,3114.77933094099,8119.832230094437,False,5005.0528991534475
tot_rat,11,17,16,persistence,3114.77933094099,838.8009457139997,False,-2275.97838522699
tot_rat,11,17,16,exponential,3114.77933094099,8058.707624837058,False,4943.928293896068
tot_rat,11,17,16,michaelis_menten,3114.77933094099,7977.775140827187,False,4862.995809886197
tot_rat,11,17,16,holling_iii,3114.77933094099,6599.392328365924,False,3484.6129974249343
tot_rat,11,18,17,other_camp_mean,6644.2688801140175,5750.433486588011,False,-893.8353935260066
tot_rat,11,18,17,local_mean,6644.2688801140175,7825.417353673646,False,1181.1484735596287
tot_rat,11,18,17,persistence,6644.2688801140175,3114.77933094099,False,-3529.4895491730276
tot_rat,11,18,17,exponential,6644.2688801140175,7769.302273062378,False,1125.0333929483604
tot_rat,11,18,17,michaelis_menten,6644.2688801140175,7685.515375403833,False,1041.2464952898154
tot_rat,11,18,17,holling_iii,6644.2688801140175,5614.191803909591,False,-1030.0770762044267
tot_rat,11,19,18,other_camp_mean,1376.9762316209965,5750.433486588011,False,4373.457254967015
tot_rat,11,19,18,local_mean,1376.9762316209965,7759.797994031444,False,6382.821762410448
tot_rat,11,19,18,persistence,1376.9762316209965,6644.2688801140175,False,5267.292648493021
tot_rat,11,19,18,exponential,1376.9762316209965,7686.688008172583,False,6309.711776551587
tot_rat,11,19,18,michaelis_menten,1376.9762316209965,7614.64204594426,False,6237.6658143232635
tot_rat,11,19,18,holling_iii,1376.9762316209965,5257.392308150738,False,3880.416076529742
tot_rat,11,20,19,other_camp_mean,13093.14193788101,5750.433486588011,False,-7342.708451292999
tot_rat,11,20,19,local_mean,13093.14193788101,7423.860006536158,False,-5669.281931344852
tot_rat,11,20,19,persistence,13093.14193788101,1376.9762316209965,False,-11716.165706260013
tot_rat,11,20,19,exponential,13093.14193788101,6626.988129073929,False,-6466.153808807081
tot_rat,11,20,19,michaelis_menten,13093.14193788101,6720.353072643396,False,-6372.788865237613
tot_rat,11,20,19,holling_iii,13093.14193788101,4473.464334802324,False,-8619.677603078686
tot_rat,11,21,20,other_camp_mean,6097.589538600994,5750.433486588011,False,-347.1560520129833
tot_rat,11,21,20,local_mean,6097.589538600994,7707.3241031034,False,1609.734564502406
tot_rat,11,21,20,persistence,6097.589538600994,13093.14193788101,False,6995.552399280015
tot_rat,11,21,20,exponential,6097.589538600994,7597.050107781717,False,1499.4605691807228
tot_rat,11,21,20,michaelis_menten,6097.589538600994,7548.47767545699,False,1450.888136855996
tot_rat,11,21,20,holling_iii,6097.589538600994,4793.955167465523,False,-1303.6343711354712
tot_rat,11,22,21,other_camp_mean,8578.128220401006,5750.433486588011,False,-2827.694733812995
tot_rat,11,22,21,local_mean,8578.128220401006,7630.670076222334,False,-947.4581441786722
tot_rat,11,22,21,persistence,8578.128220401006,6097.589538600994,False,-2480.5386818000115
tot_rat,11,22,21,exponential,8578.128220401006,7338.212542105815,False,-1239.9156782951904
tot_rat,11,22,21,michaelis_menten,8578.128220401006,7360.03289673687,False,-1218.0953236641362
tot_rat,11,22,21,holling_iii,8578.128220401006,4519.480543957005,False,-4058.6476764440013
tot_rat,11,23,22,other_camp_mean,1549.6212942379934,5750.433486588011,False,4200.8121923500175
tot_rat,11,23,22,local_mean,1549.6212942379934,7673.7363555031825,False,6124.115061265189
tot_rat,11,23,22,persistence,1549.6212942379934,8578.128220401006,False,7028.506926163012
tot_rat,11,23,22,exponential,1549.6212942379934,7510.13214427518,False,5960.510850037186
tot_rat,11,23,22,michaelis_menten,1549.6212942379934,7501.138546444185,False,5951.517252206191
tot_rat,11,23,22,holling_iii,1549.6212942379934,4480.435609395587,False,2930.8143151575932
tot_rat,11,24,23,other_camp_mean,7051.205608805001,5750.433486588011,False,-1300.7721222169903
tot_rat,11,24,23,local_mean,7051.205608805001,7407.470483274261,False,356.26487446925967
tot_rat,11,24,23,persistence,7051.205608805001,1549.6212942379934,False,-5501.584314567008
tot_rat,11,24,23,exponential,7051.205608805001,6624.386538753111,False,-426.81907005188987
tot_rat,11,24,23,michaelis_menten,7051.205608805001,6694.627632890682,False,-356.5779759143188
tot_rat,11,24,23,holling_iii,7051.205608805001,3940.103624815296,False,-3111.1019839897053
tot_rat,11,25,24,other_camp_mean,3147.75648858698,5750.433486588011,False,2602.676998001031
tot_rat,11,25,24,local_mean,3147.75648858698,7392.626113504709,False,4244.869624917728
tot_rat,11,25,24,persistence,3147.75648858698,7051.205608805001,False,3903.449120218021
tot_rat,11,25,24,exponential,3147.75648858698,6620.43157119595,False,3472.6750826089697
tot_rat,11,25,24,michaelis_menten,3147.75648858698,6684.123489276331,False,3536.3670006893512
tot_rat,11,25,24,holling_iii,3147.75648858698,3820.668662784272,False,672.9121741972917
tot_rat,11,26,25,other_camp_mean,797.1776888890017,5750.433486588011,False,4953.255797699009
tot_rat,11,26,25,local_mean,797.1776888890017,7222.831328507999,False,6425.653639618998
tot_rat,11,26,25,persistence,797.1776888890017,3147.75648858698,False,2350.5787996979784
tot_rat,11,26,25,exponential,797.1776888890017,6132.216675861244,False,5335.038986972242
tot_rat,11,26,25,michaelis_menten,797.1776888890017,6236.903036093427,False,5439.725347204425
tot_rat,11,26,25,holling_iii,797.1776888890017,3498.6539974683837,False,2701.476308579382
tot_rat,11,27,26,other_camp_mean,2960.8151957850205,5750.433486588011,False,2789.6182908029905
tot_rat,11,27,26,local_mean,2960.8151957850205,6975.690803907269,False,4014.875608122248
tot_rat,11,27,26,persistence,2960.8151957850205,797.1776888890017,False,-2163.6375068960187
tot_rat,11,27,26,exponential,2960.8151957850205,5475.033604889875,False,2514.218409104855
tot_rat,11,27,26,michaelis_menten,2960.8151957850205,5648.332369847281,False,2687.517174062261
tot_rat,11,27,26,holling_iii,2960.8151957850205,3119.3024600704666,False,158.48726428544614
