age_ka,PC1,sigma,q025,q25,median,q75,q975
0.0,8.49,5.23,-1.72,0.06,2.78,7.06,17.93
1.0,7.63,4.87,-2.9,0.0,2.2,6.43,16.39
2.0,4.01,4.83,-4.51,-0.31,1.2,5.56,13.59
3.0,4.35,4.72,-6.93,-2.23,0.0,3.73,12.08
4.0,3.13,4.74,-10.43,-4.72,-1.48,0.96,8.41
5.0,0.0,4.57,-12.34,-6.22,-3.27,0.0,5.12
6.0,-4.01,5.04,-16.88,-9.4,-5.75,-2.12,0.62
7.0,-6.11,5.9,-22.41,-13.74,-9.48,-5.55,-0.39
8.0,-9.09,6.79,-28.86,-18.85,-14.07,-9.99,-2.96
9.0,-15.83,8.3,-37.35,-26.37,-20.6,-14.93,-5.22
10.0,-24.59,10.3,-50.17,-36.45,-29.96,-22.69,-9.89
11.0,-35.85,11.93,-63.99,-48.54,-41.44,-32.96,-17.59
12.0,-51.05,12.3,-76.8,-61.03,-53.34,-44.9,-28.6
13.0,-66.3,12.38,-89.53,-73.87,-65.86,-57.4,-39.9
14.0,-76.64,12.35,-100.98,-86.33,-78.37,-70.27,-53.14
15.0,-86.57,12.34,-111.08,-97.87,-89.7,-81.45,-61.67
16.0,-98.06,12.28,-119.52,-106.84,-99.5,-90.81,-70.64
17.0,-107.3,11.96,-125.43,-114.56,-108.08,-99.14,-77.7
18.0,-113.01,11.16,-129.44,-120.12,-114.0,-106.78,-84.14
19.0,-116.68,10.61,-131.87,-124.64,-119.1,-112.09,-89.61
20.0,-117.56,10.08,-134.08,-128.7,-123.18,-115.95,-95.64
21.0,-120.01,9.14,-134.42,-130.24,-126.9,-120.65,-99.63
22.0,-125.82,7.66,-134.52,-131.36,-128.81,-123.91,-106.07
23.0,-128.72,5.27,-134.73,-131.71,-129.63,-126.07,-113.3
24.0,-130.0,4.38,-134.58,-131.77,-129.79,-126.89,-118.09
25.0,-126.89,4.5,-134.18,-130.68,-128.3,-125.14,-116.35
26.0,-122.4,5.15,-133.23,-128.73,-125.53,-121.93,-113.54
27.0,-118.28,5.44,-130.83,-124.87,-121.49,-117.58,-109.88
28.0,-115.19,5.74,-126.93,-120.83,-117.02,-113.21,-105.25
29.0,-110.87,5.64,-123.11,-116.79,-113.29,-109.3,-100.95
30.0,-105.78,5.72,-119.56,-113.17,-109.74,-105.99,-97.59
31.0,-103.5,5.81,-115.83,-109.64,-106.1,-102.23,-93.16
32.0,-100.63,6.14,-113.45,-107.06,-103.47,-99.26,-89.89
33.0,-97.48,6.4,-112.63,-105.56,-101.97,-97.54,-87.9
34.0,-97.37,6.64,-113.54,-105.2,-101.21,-96.78,-87.15
35.0,-98.83,6.67,-112.65,-104.5,-100.23,-95.57,-85.72
36.0,-99.39,6.81,-112.85,-103.73,-99.2,-94.5,-85.29
37.0,-95.27,6.54,-112.21,-102.29,-97.55,-93.19,-85.74
38.0,-93.1,6.16,-109.47,-99.05,-94.91,-91.08,-84.17
39.0,-90.3,5.66,-102.83,-95.06,-91.2,-87.57,-81.14
40.0,-85.9,5.74,-98.89,-91.29,-87.35,-83.83,-76.15
41.0,-79.76,5.67,-94.67,-87.45,-83.28,-79.86,-72.62
42.0,-75.76,5.2,-90.5,-84.13,-80.53,-77.25,-70.82
43.0,-73.91,4.72,-86.67,-81.6,-78.42,-75.33,-68.74
44.0,-76.18,4.8,-86.65,-80.74,-77.67,-74.38,-67.68
45.0,-74.49,4.75,-85.47,-80.55,-77.21,-73.74,-67.24
46.0,-75.78,5.1,-87.56,-80.94,-77.86,-74.11,-67.52
47.0,-73.7,5.05,-87.1,-80.77,-77.55,-73.79,-67.3
48.0,-76.71,5.49,-86.89,-79.49,-76.08,-72.6,-65.61
49.0,-73.75,6.04,-84.42,-77.67,-73.73,-69.65,-61.64
50.0,-68.3,6.49,-84.91,-76.6,-72.8,-68.67,-58.55
51.0,-63.11,6.1,-82.32,-74.69,-70.99,-66.89,-58.02
52.0,-67.88,6.37,-81.7,-74.12,-70.17,-65.93,-57.24
53.0,-68.85,6.73,-82.99,-75.5,-71.09,-66.35,-55.98
54.0,-70.05,7.18,-87.88,-78.75,-74.32,-69.72,-58.82
55.0,-72.26,7.5,-91.66,-81.75,-77.36,-72.56,-60.95
56.0,-78.03,7.9,-95.37,-85.39,-80.41,-75.28,-63.04
57.0,-82.74,7.91,-96.96,-88.29,-83.27,-77.98,-65.22
58.0,-85.71,8.31,-99.32,-90.65,-85.92,-80.43,-66.11
59.0,-82.94,8.97,-101.54,-92.84,-87.67,-82.25,-65.19
60.0,-84.73,8.89,-101.4,-92.76,-87.78,-82.2,-66.0
61.0,-86.56,8.68,-100.68,-92.62,-87.85,-82.43,-63.69
62.0,-84.32,8.77,-101.28,-92.96,-88.13,-83.01,-65.01
63.0,-84.75,8.15,-100.11,-91.81,-87.53,-82.48,-66.5
64.0,-83.48,7.06,-97.89,-90.18,-86.17,-81.45,-69.28
65.0,-82.72,6.97,-97.61,-89.37,-84.46,-79.93,-70.76
66.0,-82.47,7.09,-95.62,-86.69,-81.94,-77.22,-68.69
67.0,-79.37,6.84,-92.04,-83.77,-79.7,-75.5,-64.64
68.0,-71.06,7.3,-88.56,-81.14,-76.54,-71.4,-60.46
69.0,-68.11,8.84,-85.22,-75.9,-70.08,-63.86,-51.15
70.0,-65.39,9.4,-79.2,-69.45,-63.63,-56.81,-42.67
71.0,-51.43,10.04,-75.0,-64.58,-58.15,-51.42,-35.42
72.0,-46.71,10.17,-69.63,-57.88,-51.58,-44.1,-29.21
73.0,-43.84,9.97,-63.09,-51.28,-44.45,-37.86,-23.31
74.0,-36.18,9.68,-58.1,-47.43,-40.96,-34.26,-21.24
75.0,-33.06,9.11,-54.25,-42.95,-36.46,-30.73,-18.43
76.0,-31.58,8.27,-48.54,-39.51,-33.85,-28.46,-16.13
77.0,-27.69,8.14,-47.93,-38.6,-33.13,-27.59,-16.5
78.0,-28.8,7.77,-47.08,-37.97,-32.14,-27.28,-16.64
79.0,-32.95,7.26,-46.29,-37.77,-32.56,-27.56,-18.08
80.0,-30.85,6.98,-46.3,-38.02,-33.5,-28.44,-19.38
81.0,-31.36,7.63,-47.64,-38.24,-33.61,-28.07,-17.23
82.0,-29.64,8.01,-47.38,-38.64,-33.56,-27.89,-15.87
83.0,-25.57,8.5,-47.98,-38.58,-33.16,-27.16,-14.51
84.0,-30.66,8.78,-49.34,-40.02,-34.78,-28.22,-14.48
85.0,-29.99,9.31,-51.51,-42.93,-37.64,-30.82,-15.62
86.0,-38.77,9.49,-56.47,-46.83,-41.11,-34.96,-18.08
87.0,-43.09,9.38,-58.24,-49.26,-43.74,-37.19,-20.89
88.0,-46.6,8.91,-59.96,-51.62,-46.51,-40.18,-25.72
89.0,-43.44,8.46,-60.47,-51.64,-46.78,-40.97,-28.6
90.0,-43.63,7.86,-59.49,-50.78,-46.3,-40.72,-28.89
91.0,-40.3,7.57,-57.19,-49.58,-45.75,-40.52,-27.2
92.0,-41.67,7.59,-56.66,-49.31,-44.98,-39.88,-26.28
93.0,-42.16,6.86,-53.77,-46.74,-42.86,-38.34,-27.85
94.0,-40.52,6.68,-52.39,-44.54,-40.29,-35.78,-26.54
95.0,-34.24,7.47,-50.8,-41.2,-36.66,-31.1,-21.52
96.0,-27.74,7.82,-47.5,-37.22,-32.29,-26.85,-16.22
97.0,-22.19,7.77,-42.02,-32.46,-27.12,-21.71,-11.02
98.0,-21.19,7.38,-38.21,-28.92,-24.2,-19.16,-9.82
99.0,-17.26,6.77,-35.67,-27.03,-22.32,-17.8,-9.34
100.0,-19.49,7.09,-36.28,-27.51,-22.77,-17.55,-9.29
101.0,-17.72,7.5,-37.95,-29.52,-24.66,-18.94,-9.32
102.0,-25.03,7.58,-40.61,-32.72,-28.0,-22.28,-10.86
103.0,-29.47,7.36,-43.31,-35.2,-31.22,-25.82,-14.15
104.0,-31.71,6.23,-47.08,-39.33,-35.22,-30.99,-22.42
105.0,-34.36,6.23,-51.67,-43.15,-38.95,-34.95,-27.0
106.0,-40.33,5.91,-53.53,-45.82,-41.91,-37.89,-30.24
107.0,-45.01,5.84,-56.12,-48.71,-44.78,-40.67,-33.4
108.0,-44.48,5.71,-58.2,-51.0,-47.28,-42.92,-36.24
109.0,-45.95,5.85,-59.78,-52.37,-48.42,-44.37,-37.21
110.0,-46.36,5.75,-58.82,-51.93,-48.33,-44.09,-35.63
111.0,-47.08,6.09,-57.92,-51.08,-47.38,-42.93,-34.02
112.0,-43.18,6.7,-57.09,-49.23,-44.94,-40.58,-29.37
113.0,-38.93,7.92,-55.23,-46.16,-40.87,-35.68,-23.47
114.0,-33.84,8.71,-52.11,-41.81,-36.14,-30.32,-17.24
115.0,-26.17,9.45,-48.38,-36.49,-30.33,-24.09,-10.53
116.0,-22.5,9.57,-44.07,-29.48,-23.74,-17.35,-4.55
117.0,-14.09,9.32,-38.52,-23.36,-17.35,-12.11,-0.28
118.0,-7.56,9.65,-33.23,-17.64,-11.88,-5.92,5.2
119.0,-4.0,9.15,-25.34,-12.19,-6.83,-0.92,11.96
120.0,2.68,8.61,-20.11,-9.0,-3.73,2.23,13.96
121.0,3.13,8.04,-16.66,-7.07,-2.31,3.52,14.85
122.0,2.27,7.48,-16.48,-6.04,-1.37,3.44,14.31
123.0,1.2,7.72,-18.3,-8.1,-3.35,1.76,11.66
124.0,-1.18,7.99,-23.61,-11.52,-6.28,-1.15,7.96
125.0,-6.65,9.21,-32.76,-18.1,-11.68,-5.96,3.82
126.0,-12.72,10.54,-42.73,-26.53,-18.75,-12.53,-1.38
127.0,-27.1,12.33,-57.04,-37.36,-28.83,-21.14,-8.26
128.0,-36.13,14.35,-73.57,-52.24,-42.87,-33.05,-15.92
129.0,-52.95,15.22,-87.96,-67.36,-56.62,-46.42,-27.15
130.0,-73.72,16.05,-103.29,-82.63,-71.44,-60.9,-40.2
131.0,-82.93,15.15,-117.04,-98.46,-88.1,-77.89,-58.22
132.0,-102.14,13.62,-126.92,-110.98,-101.88,-92.27,-75.11
133.0,-114.38,11.96,-132.62,-119.7,-111.55,-103.14,-86.55
134.0,-120.26,9.69,-137.19,-125.8,-119.76,-113.13,-98.98
135.0,-123.76,8.33,-139.42,-129.57,-123.98,-118.07,-106.97
136.0,-123.95,7.89,-140.25,-130.79,-125.3,-120.17,-109.67
137.0,-123.61,7.89,-140.8,-130.68,-125.57,-120.11,-109.74
138.0,-122.72,7.99,-140.44,-129.97,-124.68,-119.22,-108.75
139.0,-120.94,8.16,-138.39,-127.79,-122.63,-116.85,-106.21
140.0,-118.88,8.2,-135.75,-125.28,-120.03,-114.41,-103.44
141.0,-113.45,8.21,-131.84,-122.39,-116.8,-111.18,-100.51
142.0,-110.78,8.29,-128.79,-118.53,-112.87,-107.54,-96.54
143.0,-106.75,8.15,-124.16,-114.8,-109.6,-103.99,-93.07
144.0,-102.4,8.25,-122.01,-112.35,-106.85,-101.29,-89.94
145.0,-100.34,8.37,-119.96,-109.97,-104.54,-98.72,-87.28
146.0,-100.71,8.59,-118.42,-108.22,-103.03,-96.5,-84.49
147.0,-99.52,8.79,-117.05,-107.36,-102.08,-95.39,-83.15
148.0,-99.18,9.39,-116.17,-106.02,-100.23,-93.34,-80.07
149.0,-96.94,9.97,-115.26,-103.92,-97.9,-90.54,-76.2
150.0,-90.79,10.67,-113.37,-102.05,-95.01,-87.4,-71.82
151.0,-86.92,11.06,-111.4,-99.12,-92.24,-83.85,-68.1
152.0,-85.9,11.34,-110.22,-96.86,-89.58,-81.43,-66.06
153.0,-85.22,11.65,-110.45,-97.3,-89.2,-80.84,-64.99
154.0,-86.91,11.83,-111.48,-98.44,-90.64,-82.45,-65.21
155.0,-89.71,11.76,-112.73,-99.79,-91.96,-83.92,-66.29
156.0,-92.51,11.48,-113.12,-100.42,-92.67,-84.86,-67.92
157.0,-92.67,11.16,-113.7,-100.61,-93.05,-85.37,-69.1
158.0,-88.91,10.91,-113.41,-99.72,-92.28,-85.38,-69.99
159.0,-87.94,10.66,-111.3,-98.16,-90.87,-83.71,-69.84
160.0,-86.95,10.45,-107.26,-95.19,-88.21,-80.59,-68.12
161.0,-85.29,10.52,-105.8,-92.69,-85.6,-78.44,-65.74
162.0,-78.74,10.6,-102.72,-90.32,-82.85,-75.54,-61.83
163.0,-77.08,10.76,-99.81,-86.67,-79.8,-72.56,-58.32
164.0,-74.42,10.78,-95.44,-83.01,-75.6,-68.42,-53.52
165.0,-71.66,10.86,-93.59,-79.24,-72.12,-64.79,-49.49
166.0,-65.29,10.33,-89.4,-76.25,-69.31,-62.31,-48.42
167.0,-61.69,9.94,-85.89,-72.48,-65.66,-59.57,-46.43
168.0,-61.52,9.69,-81.74,-69.19,-62.71,-56.22,-43.66
169.0,-58.16,9.47,-79.33,-67.77,-61.54,-54.97,-42.17
170.0,-55.34,9.17,-78.42,-67.77,-62.19,-56.07,-41.44
171.0,-57.68,8.82,-77.29,-68.06,-62.28,-56.49,-42.28
172.0,-64.45,8.71,-77.05,-68.55,-63.67,-57.32,-43.49
173.0,-63.15,8.51,-78.23,-70.04,-64.78,-58.48,-45.47
174.0,-62.14,8.69,-80.7,-71.67,-66.18,-60.24,-46.37
175.0,-61.42,8.85,-80.24,-71.57,-65.43,-59.77,-45.66
176.0,-63.68,9.14,-82.02,-72.06,-66.06,-59.79,-45.79
177.0,-62.61,9.6,-83.68,-73.85,-67.49,-60.26,-46.73
178.0,-66.03,9.64,-85.56,-74.81,-68.69,-61.61,-48.19
179.0,-68.55,9.63,-86.44,-75.59,-69.38,-62.33,-49.27
180.0,-68.12,9.68,-88.3,-77.06,-70.72,-63.29,-50.86
181.0,-68.54,9.97,-89.62,-78.0,-71.39,-64.11,-51.12
182.0,-68.59,9.78,-89.92,-78.07,-71.76,-64.75,-51.76
183.0,-68.86,9.53,-90.08,-78.67,-72.54,-64.68,-52.43
184.0,-70.31,9.51,-89.26,-78.19,-72.09,-65.05,-52.66
185.0,-71.5,9.33,-87.58,-77.45,-71.15,-64.56,-52.5
186.0,-67.51,8.85,-84.5,-75.22,-68.79,-62.88,-51.87
187.0,-64.13,8.55,-82.3,-71.93,-65.89,-59.94,-50.01
188.0,-58.98,8.27,-77.78,-67.62,-61.36,-55.92,-46.09
189.0,-55.74,8.01,-72.75,-62.73,-57.1,-51.35,-42.15
190.0,-50.97,8.16,-67.22,-57.6,-52.01,-46.21,-35.52
191.0,-44.91,8.28,-63.42,-52.64,-46.74,-41.06,-30.9
192.0,-37.3,7.61,-57.51,-47.6,-42.3,-37.11,-27.61
193.0,-32.83,7.39,-52.64,-42.17,-37.25,-32.37,-22.84
194.0,-32.43,7.44,-47.73,-37.17,-32.42,-27.43,-18.33
195.0,-26.14,8.12,-43.23,-33.18,-28.05,-22.88,-11.59
196.0,-21.7,8.7,-40.12,-28.89,-24.05,-18.31,-5.12
197.0,-13.48,8.23,-33.94,-24.26,-19.2,-13.25,-1.05
198.0,-10.09,7.57,-29.94,-20.77,-15.88,-11.08,-1.05
199.0,-7.72,7.42,-30.57,-20.34,-15.46,-10.63,-1.53
200.0,-11.24,7.13,-31.15,-21.22,-16.63,-12.39,-2.01
201.0,-19.54,7.77,-34.84,-24.52,-19.6,-14.38,-3.75
202.0,-21.5,7.83,-37.32,-28.16,-23.02,-17.6,-6.2
203.0,-26.54,8.11,-38.42,-29.03,-23.74,-18.29,-6.62
204.0,-23.73,8.69,-36.98,-28.07,-21.98,-16.31,-3.55
205.0,-14.39,9.93,-37.8,-27.66,-20.83,-14.15,1.82
206.0,-9.84,10.21,-36.75,-23.61,-17.29,-10.41,4.99
207.0,-14.1,10.51,-33.07,-21.26,-13.94,-6.62,6.94
208.0,-10.13,11.06,-33.91,-21.32,-13.7,-5.44,8.75
209.0,-10.6,11.02,-36.1,-20.97,-13.9,-6.54,8.31
210.0,-11.47,10.71,-32.76,-19.24,-12.81,-5.59,9.33
211.0,-9.45,10.92,-32.57,-18.72,-11.89,-4.64,10.22
212.0,-7.38,10.99,-32.48,-18.05,-11.21,-3.82,11.61
213.0,-6.78,10.76,-31.36,-17.67,-10.85,-3.19,10.74
214.0,-7.05,10.24,-31.51,-18.03,-11.46,-4.62,9.5
215.0,-9.18,10.12,-34.08,-21.34,-14.51,-7.75,5.23
216.0,-13.1,10.0,-38.83,-25.91,-18.8,-12.53,0.74
217.0,-23.51,10.25,-45.06,-32.1,-24.78,-17.92,-3.7
218.0,-29.26,10.72,-53.69,-40.67,-33.2,-25.52,-11.56
219.0,-36.81,11.23,-64.27,-50.38,-42.7,-35.43,-20.7
220.0,-49.33,11.33,-71.72,-59.04,-51.42,-43.59,-28.9
221.0,-61.75,11.26,-80.17,-68.19,-60.18,-52.19,-37.15
222.0,-67.03,9.92,-84.7,-74.38,-67.77,-60.64,-45.94
223.0,-73.68,9.27,-88.74,-78.82,-72.81,-66.19,-51.96
224.0,-72.15,8.69,-89.32,-80.54,-74.72,-68.48,-55.76
225.0,-74.35,8.04,-89.03,-79.86,-74.2,-68.83,-57.44
226.0,-70.68,7.46,-86.16,-77.73,-72.39,-67.26,-56.76
227.0,-66.88,7.29,-84.73,-75.81,-70.96,-65.97,-56.14
228.0,-65.45,6.79,-80.39,-72.38,-67.78,-63.57,-53.85
229.0,-65.06,6.97,-76.6,-68.81,-64.22,-59.75,-48.78
230.0,-59.11,8.12,-73.94,-64.87,-59.37,-53.77,-43.0
231.0,-51.45,9.5,-71.41,-58.9,-52.69,-45.64,-34.05
232.0,-41.76,9.78,-64.11,-51.6,-44.77,-37.84,-25.49
233.0,-31.59,9.65,-55.79,-43.96,-37.27,-30.48,-18.92
234.0,-26.47,9.23,-48.17,-36.1,-29.79,-23.28,-12.27
235.0,-21.38,9.05,-41.7,-29.15,-23.3,-17.11,-6.3
236.0,-15.03,8.65,-38.02,-25.5,-19.98,-14.2,-3.4
237.0,-9.44,7.89,-36.19,-24.0,-18.82,-14.06,-4.69
238.0,-14.82,7.64,-36.23,-25.13,-19.85,-14.54,-6.94
239.0,-21.09,8.31,-42.1,-29.32,-23.48,-18.19,-9.7
240.0,-26.31,9.54,-51.68,-36.86,-30.29,-24.12,-14.84
241.0,-35.14,11.06,-62.85,-45.45,-37.51,-30.9,-19.38
242.0,-44.9,11.35,-70.17,-53.4,-46.01,-38.14,-25.03
243.0,-53.72,13.94,-78.84,-61.65,-53.41,-44.25,-22.33
244.0,-58.16,14.8,-86.18,-70.12,-61.61,-52.43,-28.82
245.0,-54.47,15.51,-94.02,-77.6,-68.69,-57.82,-31.75
246.0,-73.1,15.29,-99.84,-83.2,-74.67,-65.07,-33.85
247.0,-80.67,15.9,-103.93,-89.06,-80.38,-70.73,-44.67
248.0,-86.71,11.84,-108.53,-94.7,-87.12,-78.86,-63.57
249.0,-88.3,11.47,-113.32,-98.97,-91.62,-83.46,-67.55
250.0,-91.78,11.89,-116.99,-101.83,-94.38,-86.35,-70.79
251.0,-94.31,12.64,-121.22,-103.67,-96.01,-87.71,-71.6
252.0,-94.5,13.98,-124.4,-105.21,-96.7,-87.68,-69.21
253.0,-95.65,15.37,-125.79,-105.39,-96.4,-86.01,-66.56
254.0,-91.97,15.42,-125.08,-104.43,-95.37,-85.46,-65.0
255.0,-86.9,15.0,-122.85,-103.13,-94.47,-85.29,-62.25
256.0,-90.3,14.86,-120.89,-101.98,-94.4,-85.32,-58.5
257.0,-93.53,13.45,-115.4,-100.68,-93.81,-86.51,-63.22
258.0,-93.71,9.74,-110.67,-98.27,-92.25,-85.94,-72.6
259.0,-89.89,8.38,-105.76,-95.82,-90.12,-84.67,-73.2
260.0,-81.06,8.34,-102.07,-92.5,-87.18,-81.48,-69.33
261.0,-78.3,8.1,-97.55,-88.58,-83.77,-78.02,-64.74
262.0,-77.68,7.99,-95.22,-87.39,-82.82,-77.8,-63.24
263.0,-77.5,7.75,-95.57,-87.95,-83.39,-78.16,-64.72
264.0,-85.38,7.98,-96.3,-89.19,-84.69,-79.39,-65.2
265.0,-84.54,8.57,-97.51,-90.74,-86.76,-80.33,-63.91
266.0,-82.09,8.24,-100.42,-93.88,-89.38,-83.56,-66.92
267.0,-82.77,8.23,-102.76,-95.33,-91.3,-85.41,-69.7
268.0,-93.08,8.29,-105.22,-98.08,-93.75,-88.36,-71.69
269.0,-97.2,8.13,-105.72,-99.81,-95.75,-90.44,-74.37
270.0,-98.21,7.59,-106.96,-99.44,-94.95,-90.25,-76.66
271.0,-89.95,8.74,-106.36,-97.14,-91.75,-85.4,-72.7
272.0,-80.22,8.89,-103.98,-92.51,-86.67,-80.75,-68.03
273.0,-76.12,9.05,-95.65,-86.06,-80.67,-74.51,-60.21
274.0,-74.38,10.08,-90.81,-81.53,-75.63,-68.06,-51.7
275.0,-67.56,10.91,-87.92,-77.67,-70.75,-62.98,-45.78
276.0,-61.85,11.39,-85.09,-73.26,-66.07,-57.79,-39.84
277.0,-56.75,11.7,-81.33,-68.29,-60.78,-52.68,-35.27
278.0,-53.52,11.69,-76.99,-64.02,-56.39,-47.92,-30.72
279.0,-50.13,11.32,-72.06,-59.28,-51.86,-44.0,-28.17
280.0,-46.06,10.87,-68.1,-55.39,-47.69,-40.46,-25.86
281.0,-39.89,10.49,-64.17,-51.93,-44.55,-37.16,-24.11
282.0,-37.94,10.12,-60.7,-48.22,-41.57,-34.25,-20.73
283.0,-36.69,9.61,-57.69,-45.91,-39.53,-33.12,-19.92
284.0,-35.06,9.13,-57.35,-45.07,-38.93,-32.75,-20.51
285.0,-35.22,8.91,-57.53,-45.57,-39.15,-33.0,-22.68
286.0,-36.57,8.56,-57.52,-46.42,-40.75,-34.57,-23.9
287.0,-37.85,8.06,-58.54,-49.69,-44.45,-38.54,-27.87
288.0,-42.69,7.5,-61.7,-53.22,-48.14,-43.41,-32.08
289.0,-51.85,6.73,-65.11,-56.74,-52.49,-48.04,-38.34
290.0,-56.69,5.79,-67.24,-59.6,-56.17,-52.35,-43.98
291.0,-58.53,5.45,-68.42,-61.9,-58.71,-55.26,-45.73
292.0,-56.55,6.25,-69.2,-62.59,-58.84,-54.91,-43.86
293.0,-54.88,7.04,-69.64,-62.13,-57.86,-53.4,-41.51
294.0,-53.23,7.88,-69.59,-61.07,-56.0,-50.99,-38.94
295.0,-52.4,8.67,-69.62,-59.81,-54.62,-48.6,-36.37
296.0,-48.95,9.48,-69.27,-59.17,-53.07,-46.76,-31.55
297.0,-48.35,10.18,-68.92,-57.93,-51.17,-44.51,-29.19
298.0,-47.6,10.68,-68.21,-55.55,-49.56,-41.94,-26.13
299.0,-45.33,10.85,-67.89,-54.0,-47.24,-40.05,-23.81
300.0,-42.88,10.97,-65.95,-51.87,-45.24,-38.05,-22.3
301.0,-39.59,11.07,-62.9,-49.3,-42.45,-35.29,-19.17
302.0,-38.01,11.11,-61.01,-47.15,-40.66,-33.31,-16.17
303.0,-33.06,11.36,-59.05,-47.03,-39.81,-32.79,-13.66
304.0,-35.35,11.39,-57.74,-46.35,-38.83,-32.21,-13.53
305.0,-39.42,11.35,-56.45,-44.43,-37.8,-30.31,-11.93
306.0,-35.78,11.62,-56.32,-44.48,-37.7,-29.91,-10.9
307.0,-30.55,11.97,-56.58,-43.07,-36.2,-28.35,-9.17
308.0,-31.07,11.69,-53.72,-39.64,-33.07,-25.66,-6.86
309.0,-27.9,11.35,-49.42,-37.11,-30.33,-23.29,-4.7
310.0,-24.1,11.5,-47.32,-35.85,-28.71,-21.4,-2.16
311.0,-22.22,11.34,-44.13,-33.4,-26.23,-18.78,-0.47
312.0,-21.88,11.5,-41.69,-30.04,-22.79,-15.37,2.81
313.0,-18.42,11.79,-39.75,-28.18,-20.59,-12.76,5.31
314.0,-12.39,11.84,-37.87,-25.52,-17.91,-10.28,8.08
315.0,-12.12,11.74,-36.81,-22.74,-15.56,-7.98,9.2
316.0,-9.85,11.38,-34.64,-21.02,-13.71,-6.62,11.03
317.0,-10.45,11.21,-33.84,-20.57,-13.19,-6.12,10.57
318.0,-10.88,10.65,-33.02,-19.83,-12.42,-5.69,9.32
319.0,-11.31,10.57,-32.95,-19.11,-11.78,-4.95,8.94
320.0,-8.44,10.89,-32.93,-17.92,-10.2,-2.93,9.94
321.0,-6.92,11.43,-32.43,-16.51,-8.21,-0.92,12.01
322.0,-2.51,11.42,-31.39,-14.51,-6.56,1.0,14.09
323.0,-0.71,11.56,-30.6,-13.78,-6.11,1.69,14.09
324.0,-2.6,11.63,-31.24,-14.06,-6.19,1.56,15.55
325.0,-7.77,11.33,-31.62,-13.95,-6.41,0.84,13.45
326.0,-7.75,10.74,-32.07,-13.95,-6.31,0.52,12.16
327.0,-3.06,10.95,-31.6,-14.03,-6.49,0.21,12.43
328.0,-0.61,11.34,-31.93,-14.44,-6.51,1.11,13.74
329.0,-1.75,12.28,-36.17,-16.47,-8.13,-0.31,13.26
330.0,-6.91,14.31,-43.22,-24.7,-14.93,-4.91,11.35
331.0,-16.42,14.71,-50.72,-32.24,-22.47,-12.09,7.66
332.0,-34.02,15.01,-59.96,-41.6,-31.16,-21.32,-2.48
333.0,-36.93,14.93,-70.56,-52.26,-42.09,-32.57,-12.17
334.0,-48.06,14.72,-81.97,-63.01,-53.28,-43.87,-22.33
335.0,-58.42,15.56,-91.03,-73.54,-63.59,-52.88,-29.64
336.0,-74.42,15.43,-99.04,-84.2,-74.83,-64.84,-37.25
337.0,-85.7,13.57,-105.56,-92.14,-83.87,-75.61,-50.24
338.0,-91.22,10.66,-111.45,-97.98,-91.02,-84.04,-70.11
339.0,-93.28,9.94,-115.29,-103.47,-97.17,-89.91,-76.44
340.0,-96.85,9.92,-118.92,-107.96,-101.38,-94.48,-80.68
341.0,-103.88,10.14,-122.21,-111.55,-104.5,-97.6,-82.82
342.0,-108.11,10.24,-124.95,-114.67,-108.09,-100.73,-84.19
343.0,-108.58,9.81,-126.14,-116.8,-110.37,-103.74,-87.27
344.0,-108.8,9.8,-126.25,-116.99,-110.95,-104.1,-88.11
345.0,-109.04,9.73,-126.09,-116.1,-109.88,-103.33,-88.15
346.0,-105.84,9.4,-124.52,-114.7,-108.79,-102.09,-87.98
347.0,-103.3,8.87,-122.26,-112.44,-107.26,-100.91,-87.03
348.0,-102.66,7.97,-119.25,-109.11,-104.25,-98.93,-86.87
349.0,-101.03,7.71,-116.23,-106.0,-100.87,-95.56,-85.74
350.0,-97.04,8.01,-113.59,-102.62,-97.83,-92.69,-81.57
351.0,-89.97,7.9,-109.5,-99.23,-94.47,-89.32,-78.18
352.0,-85.13,6.99,-103.99,-95.93,-91.14,-87.01,-76.67
353.0,-84.01,6.34,-100.74,-93.76,-90.12,-86.26,-74.97
354.0,-86.49,6.59,-101.15,-94.94,-91.31,-87.43,-74.89
355.0,-91.12,6.18,-102.67,-96.11,-92.69,-89.3,-77.23
356.0,-94.94,5.36,-104.3,-97.03,-93.96,-90.66,-82.64
357.0,-92.98,5.05,-105.54,-97.45,-94.44,-91.14,-85.04
358.0,-91.88,5.71,-105.08,-96.66,-92.84,-89.36,-82.6
359.0,-88.63,6.18,-102.37,-93.9,-89.68,-85.79,-77.46
360.0,-84.77,7.21,-99.94,-89.97,-85.67,-80.82,-70.5
361.0,-78.88,8.03,-94.43,-85.33,-80.8,-75.42,-62.55
362.0,-71.15,7.99,-89.74,-80.99,-76.52,-71.64,-57.9
363.0,-66.07,7.2,-85.09,-76.48,-72.4,-68.0,-56.4
364.0,-66.4,8.01,-81.76,-73.21,-68.62,-63.54,-50.81
365.0,-65.1,9.52,-79.82,-71.11,-64.5,-58.09,-43.21
366.0,-57.26,10.39,-78.6,-68.08,-61.19,-53.43,-38.53
367.0,-50.45,10.52,-75.97,-63.94,-57.25,-49.49,-35.61
368.0,-49.22,10.33,-72.75,-60.03,-53.69,-46.36,-32.44
369.0,-48.0,9.97,-69.29,-57.92,-52.2,-45.15,-30.39
370.0,-49.3,9.38,-67.21,-56.85,-51.28,-44.7,-30.36
371.0,-49.22,8.48,-65.93,-56.26,-51.13,-44.91,-32.84
372.0,-46.86,7.41,-63.79,-55.98,-51.01,-45.51,-35.17
373.0,-48.47,6.48,-62.66,-55.64,-51.27,-46.85,-37.38
374.0,-47.49,5.99,-61.34,-55.1,-51.31,-46.93,-38.47
375.0,-50.2,5.87,-62.1,-55.48,-51.97,-47.64,-39.49
376.0,-48.25,6.18,-62.7,-56.23,-52.22,-47.72,-38.45
377.0,-50.22,7.72,-62.63,-55.4,-50.8,-45.13,-31.42
378.0,-49.56,10.45,-61.0,-52.75,-47.27,-40.0,-20.34
379.0,-37.79,12.3,-60.15,-49.48,-42.52,-33.46,-11.74
380.0,-26.52,12.52,-58.06,-44.96,-37.48,-28.14,-9.37
381.0,-24.0,12.06,-52.83,-40.18,-32.71,-23.46,-5.55
382.0,-28.9,12.2,-49.81,-37.64,-30.24,-21.44,-3.72
383.0,-27.84,11.58,-47.87,-36.62,-29.66,-21.21,-4.59
384.0,-27.28,10.54,-47.83,-35.83,-28.87,-21.23,-7.63
385.0,-25.07,10.36,-45.95,-33.91,-26.65,-19.36,-6.55
386.0,-22.2,9.68,-44.24,-31.93,-25.4,-18.65,-7.77
387.0,-19.07,8.52,-41.12,-31.08,-25.25,-19.02,-8.93
388.0,-21.65,7.86,-40.12,-31.57,-25.89,-20.17,-10.57
389.0,-26.23,7.65,-40.02,-31.47,-26.33,-21.12,-11.02
390.0,-28.4,7.96,-41.1,-31.19,-26.13,-20.82,-9.4
391.0,-23.4,8.89,-39.74,-29.56,-23.88,-18.37,-5.45
392.0,-17.91,10.18,-38.09,-26.49,-20.54,-13.68,2.42
393.0,-9.74,10.75,-33.46,-21.86,-15.39,-8.68,8.84
394.0,-6.53,11.1,-29.88,-18.14,-11.22,-3.54,11.66
395.0,-4.22,10.89,-26.82,-14.94,-7.93,0.11,15.57
396.0,-3.16,11.27,-25.75,-12.64,-5.25,2.47,18.29
397.0,-1.02,12.18,-24.75,-9.85,-2.15,5.71,24.0
398.0,3.18,13.07,-23.35,-7.29,1.34,10.61,28.0
399.0,10.24,13.31,-22.27,-3.64,5.56,14.65,32.48
400.0,14.59,13.4,-19.35,-0.19,9.02,17.37,34.17
401.0,14.05,13.42,-16.0,2.54,11.86,20.07,35.96
402.0,13.01,12.88,-13.46,3.77,12.74,20.53,36.1
403.0,14.56,12.01,-12.24,3.59,12.19,19.45,34.72
404.0,15.96,11.51,-12.5,3.69,11.6,18.82,33.0
405.0,12.86,11.57,-13.54,2.96,11.0,18.17,33.47
406.0,11.17,11.44,-14.26,1.59,9.69,16.38,30.78
407.0,10.25,10.94,-16.91,-0.25,7.39,14.25,27.24
408.0,7.79,10.99,-19.62,-3.32,4.19,11.22,24.12
409.0,5.44,11.27,-24.25,-7.59,0.27,7.73,21.21
410.0,-3.39,11.33,-27.75,-11.54,-4.35,3.62,16.63
411.0,-7.72,11.08,-33.95,-15.86,-8.51,-0.73,10.75
412.0,-11.95,10.7,-38.67,-20.18,-12.7,-5.4,3.83
413.0,-12.45,10.63,-42.22,-24.61,-17.16,-9.94,0.57
414.0,-17.47,10.52,-45.35,-29.31,-22.22,-14.81,-2.75
415.0,-25.15,10.43,-48.72,-33.74,-27.1,-19.8,-7.67
416.0,-31.74,11.41,-56.93,-41.68,-33.62,-26.11,-13.09
417.0,-35.59,12.48,-66.53,-50.07,-39.96,-32.22,-19.72
418.0,-46.88,13.08,-73.37,-57.1,-47.67,-38.31,-24.06
419.0,-51.43,13.42,-80.07,-62.76,-54.02,-44.78,-26.95
420.0,-58.11,13.93,-84.58,-67.99,-59.79,-51.27,-27.29
421.0,-63.52,13.71,-89.57,-75.18,-66.11,-57.44,-36.64
422.0,-66.31,12.29,-94.51,-79.55,-71.28,-63.13,-47.72
423.0,-77.44,12.55,-103.53,-87.15,-78.5,-70.68,-54.59
424.0,-78.65,13.81,-117.38,-96.94,-87.0,-78.41,-63.16
425.0,-95.55,14.58,-127.97,-106.94,-96.22,-87.28,-71.58
426.0,-109.94,14.7,-135.51,-115.64,-105.55,-94.62,-78.84
427.0,-116.49,13.76,-143.17,-123.32,-114.53,-104.92,-89.19
428.0,-118.26,13.87,-148.56,-129.08,-119.7,-110.03,-94.4
429.0,-120.44,13.74,-150.2,-131.08,-121.48,-111.93,-96.76
430.0,-119.42,12.81,-149.38,-130.8,-121.84,-112.9,-97.73
431.0,-119.41,14.67,-150.37,-133.62,-122.99,-112.58,-95.74
432.0,-120.06,14.12,-148.76,-132.8,-122.69,-111.75,-95.47
433.0,-121.15,13.75,-145.59,-131.8,-122.01,-111.04,-94.41
434.0,-119.52,13.43,-142.99,-130.69,-120.27,-110.41,-93.02
435.0,-115.07,13.44,-141.72,-129.31,-119.32,-109.04,-92.12
436.0,-113.91,13.59,-140.13,-126.95,-117.33,-106.65,-89.18
437.0,-113.26,13.88,-137.59,-124.78,-114.69,-104.08,-86.1
438.0,-110.74,14.33,-135.79,-121.69,-112.21,-100.77,-82.22
439.0,-105.38,14.5,-132.91,-118.86,-108.67,-97.85,-78.82
440.0,-99.91,14.46,-129.35,-115.97,-106.76,-95.19,-76.0
441.0,-98.54,14.31,-127.64,-114.17,-105.37,-93.9,-74.87
442.0,-100.55,14.1,-126.65,-113.44,-103.96,-93.02,-74.57
443.0,-101.78,13.66,-125.9,-112.46,-102.97,-92.35,-75.24
444.0,-99.69,12.91,-124.0,-111.55,-101.83,-91.54,-75.56
445.0,-96.28,11.88,-121.22,-108.77,-100.71,-91.17,-76.64
446.0,-95.52,10.55,-117.85,-106.74,-99.63,-91.27,-78.42
447.0,-95.02,9.39,-115.18,-105.55,-99.14,-91.88,-80.0
448.0,-96.95,8.66,-114.45,-105.21,-99.34,-92.69,-82.02
449.0,-98.28,8.65,-114.6,-105.85,-99.76,-93.59,-82.0
450.0,-97.77,9.22,-117.04,-106.17,-100.25,-93.93,-80.19
451.0,-97.82,10.04,-118.6,-106.14,-100.12,-93.07,-77.63
452.0,-96.21,10.55,-118.14,-104.99,-98.63,-91.33,-75.34
453.0,-94.59,10.62,-115.48,-104.03,-97.26,-89.42,-73.63
454.0,-92.94,10.48,-112.57,-102.63,-95.81,-87.91,-72.38
455.0,-90.9,10.35,-111.16,-100.56,-94.18,-86.31,-70.77
456.0,-89.86,10.2,-109.39,-98.96,-92.51,-84.67,-69.75
457.0,-88.33,9.96,-107.48,-96.42,-90.18,-82.37,-68.55
458.0,-85.94,9.51,-105.95,-93.84,-88.25,-81.1,-67.9
459.0,-81.84,9.04,-102.72,-91.5,-85.98,-79.19,-66.4
460.0,-81.43,8.85,-99.88,-89.71,-83.7,-77.43,-65.26
461.0,-79.68,8.89,-97.25,-87.97,-81.98,-75.52,-62.77
462.0,-78.29,9.26,-95.54,-86.75,-80.62,-73.36,-60.63
463.0,-75.46,10.02,-95.82,-86.53,-79.51,-71.56,-58.26
464.0,-73.88,12.0,-99.84,-85.63,-78.02,-69.24,-53.37
465.0,-74.83,13.88,-98.79,-84.29,-75.52,-65.3,-47.1
466.0,-71.39,15.8,-98.39,-80.67,-70.96,-60.01,-35.63
467.0,-62.89,16.6,-94.17,-76.27,-66.43,-54.26,-27.85
468.0,-52.0,17.1,-89.89,-72.9,-61.89,-49.46,-22.12
469.0,-51.21,17.12,-86.79,-69.01,-57.72,-44.77,-18.9
470.0,-51.75,17.35,-83.43,-64.39,-53.72,-40.08,-15.39
471.0,-49.63,17.46,-80.63,-61.24,-50.23,-36.61,-13.96
472.0,-41.58,17.18,-75.91,-57.5,-46.56,-32.79,-11.84
473.0,-36.84,16.45,-71.05,-53.14,-42.53,-29.4,-10.09
474.0,-34.5,15.35,-66.49,-48.37,-38.15,-26.21,-7.86
475.0,-32.09,14.63,-62.85,-44.63,-35.13,-24.19,-6.72
476.0,-29.84,13.61,-60.19,-41.7,-33.54,-23.17,-7.39
477.0,-27.61,12.41,-56.85,-40.18,-32.77,-24.04,-8.81
478.0,-28.34,11.09,-53.28,-39.82,-32.99,-24.94,-10.06
479.0,-31.41,9.69,-51.47,-39.31,-33.38,-26.53,-12.73
480.0,-32.77,7.94,-49.46,-38.89,-33.58,-28.38,-17.53
481.0,-32.41,6.45,-46.88,-37.67,-33.28,-29.27,-21.14
482.0,-30.53,5.98,-45.58,-36.1,-31.96,-28.23,-21.15
483.0,-28.2,6.29,-43.54,-34.22,-29.64,-25.82,-17.6
484.0,-24.91,6.75,-41.12,-31.51,-26.6,-22.54,-14.13
485.0,-21.12,7.02,-39.32,-29.07,-23.96,-19.47,-11.37
486.0,-17.44,7.68,-37.89,-27.39,-21.83,-17.14,-8.61
487.0,-17.62,8.78,-38.84,-26.71,-20.5,-14.73,-5.35
488.0,-17.2,10.06,-40.79,-26.44,-19.33,-12.63,-2.45
489.0,-18.07,11.25,-42.05,-26.27,-18.08,-10.87,1.07
490.0,-15.29,12.28,-43.15,-25.63,-16.85,-8.99,4.63
491.0,-12.74,13.15,-42.7,-25.76,-15.72,-7.3,8.03
492.0,-10.85,13.84,-43.11,-25.61,-15.38,-5.8,10.47
493.0,-12.44,14.77,-45.4,-26.1,-16.05,-5.7,11.61
494.0,-14.59,15.6,-48.38,-28.43,-17.4,-6.81,12.74
495.0,-17.71,16.32,-50.36,-29.78,-18.45,-6.62,12.84
496.0,-18.44,16.74,-51.49,-30.32,-18.11,-6.59,12.41
497.0,-15.39,16.94,-51.59,-31.1,-18.78,-7.01,12.71
498.0,-14.05,17.08,-52.54,-32.93,-19.97,-8.86,12.79
499.0,-17.99,17.16,-54.27,-33.63,-21.73,-10.1,13.1
500.0,-22.56,17.17,-55.52,-35.21,-24.1,-11.76,11.07
501.0,-23.33,16.97,-56.84,-37.44,-26.27,-13.96,8.47
502.0,-24.04,16.91,-59.08,-40.2,-28.87,-16.76,7.26
503.0,-27.37,16.94,-61.16,-42.18,-31.29,-18.94,5.31
504.0,-30.58,17.04,-64.95,-44.61,-33.54,-20.82,1.93
505.0,-33.44,17.12,-68.67,-47.93,-37.27,-24.34,-0.82
506.0,-36.11,17.25,-72.35,-52.07,-40.86,-28.6,-5.48
507.0,-42.61,17.86,-78.27,-58.05,-46.14,-33.43,-10.12
508.0,-47.62,17.94,-81.58,-63.02,-51.22,-37.74,-14.77
509.0,-55.32,17.38,-83.66,-66.39,-54.7,-41.93,-19.05
510.0,-55.45,16.9,-85.22,-67.65,-56.52,-43.96,-20.86
511.0,-53.4,16.62,-84.89,-68.85,-57.52,-44.63,-20.68
512.0,-52.81,16.26,-84.36,-67.35,-56.31,-44.4,-21.21
513.0,-53.28,15.78,-83.35,-65.87,-54.78,-43.91,-22.35
514.0,-51.5,15.18,-81.72,-64.37,-53.28,-43.13,-21.56
515.0,-50.33,14.4,-78.1,-62.09,-51.58,-42.26,-21.74
516.0,-47.55,13.41,-75.04,-59.76,-50.61,-40.72,-21.92
517.0,-44.78,12.68,-72.88,-58.09,-49.5,-40.68,-22.92
518.0,-45.35,12.07,-71.99,-56.71,-48.24,-40.23,-22.62
519.0,-46.68,11.8,-71.44,-55.66,-47.68,-40.1,-23.66
520.0,-45.1,11.66,-71.34,-55.92,-47.76,-40.36,-25.0
521.0,-44.99,11.73,-72.63,-57.17,-48.72,-41.35,-26.42
522.0,-46.82,11.83,-74.23,-58.35,-49.85,-42.24,-27.7
523.0,-49.7,11.84,-75.33,-59.13,-50.99,-43.16,-28.53
524.0,-50.48,11.75,-75.95,-59.46,-51.47,-44.21,-29.38
525.0,-49.96,11.64,-76.05,-59.7,-51.89,-44.38,-29.94
526.0,-49.68,11.41,-75.52,-59.24,-51.46,-43.67,-30.65
527.0,-48.46,11.09,-74.84,-58.91,-51.35,-44.12,-31.41
528.0,-48.5,10.75,-75.34,-59.2,-51.63,-44.57,-33.08
529.0,-50.66,10.42,-76.18,-59.89,-52.58,-45.61,-34.86
530.0,-52.1,10.05,-76.21,-61.18,-53.68,-47.22,-36.67
531.0,-53.67,9.63,-75.14,-61.81,-54.73,-48.21,-38.35
532.0,-53.71,9.36,-75.64,-62.46,-55.86,-49.33,-40.12
533.0,-53.01,9.38,-77.81,-64.17,-57.81,-51.25,-40.28
534.0,-56.16,9.55,-79.35,-66.98,-60.12,-53.24,-41.9
535.0,-61.14,10.17,-82.56,-69.94,-63.34,-55.46,-43.19
536.0,-64.07,10.45,-84.64,-72.97,-65.51,-57.47,-45.4
537.0,-67.39,11.01,-86.45,-74.45,-66.21,-57.84,-45.18
538.0,-64.18,12.32,-87.22,-74.71,-66.1,-56.6,-41.16
539.0,-59.91,13.34,-87.92,-73.6,-64.58,-55.34,-35.08
540.0,-58.99,14.07,-85.4,-70.85,-62.04,-53.26,-30.45
541.0,-55.16,14.86,-85.45,-70.08,-60.5,-50.03,-27.24
542.0,-51.73,15.46,-83.84,-69.25,-59.27,-48.76,-25.01
543.0,-53.72,15.58,-83.27,-68.73,-58.13,-47.58,-24.02
544.0,-53.89,15.28,-83.09,-68.59,-57.41,-46.74,-24.64
545.0,-53.73,14.52,-84.05,-68.35,-58.64,-48.27,-28.41
546.0,-55.03,13.33,-83.9,-68.51,-59.22,-50.08,-31.42
547.0,-57.35,12.1,-84.49,-69.0,-60.61,-52.25,-36.55
548.0,-59.46,11.01,-84.45,-70.06,-62.11,-54.58,-41.25
549.0,-62.11,10.18,-83.64,-69.98,-62.73,-55.66,-44.83
550.0,-62.75,9.64,-82.71,-69.81,-62.78,-56.36,-45.13
551.0,-60.01,9.24,-81.35,-69.36,-63.34,-56.79,-46.41
552.0,-58.3,9.21,-80.96,-69.73,-63.34,-56.99,-45.72
553.0,-59.76,9.27,-79.75,-69.24,-62.81,-55.89,-44.16
554.0,-61.1,9.65,-78.66,-68.3,-61.55,-54.39,-41.3
555.0,-58.37,10.29,-76.36,-65.86,-59.42,-51.75,-37.06
556.0,-52.38,11.22,-74.15,-62.97,-55.56,-47.28,-31.7
557.0,-46.51,11.64,-70.67,-58.66,-51.07,-42.55,-26.21
558.0,-40.41,11.62,-66.42,-54.08,-46.34,-38.07,-21.99
559.0,-37.88,11.51,-62.85,-50.74,-43.19,-34.61,-18.68
560.0,-36.07,11.42,-60.2,-48.61,-40.84,-32.59,-16.62
561.0,-35.39,11.34,-58.34,-47.29,-39.7,-30.99,-15.68
562.0,-34.82,11.11,-56.09,-45.66,-38.51,-29.81,-14.39
563.0,-33.39,10.8,-54.09,-43.26,-36.4,-28.29,-13.27
564.0,-30.12,10.65,-50.98,-39.89,-32.69,-25.22,-9.15
565.0,-26.73,10.89,-47.13,-35.86,-28.17,-20.23,-5.38
566.0,-19.58,10.5,-43.65,-30.72,-23.48,-15.97,-2.77
567.0,-13.9,10.21,-39.04,-26.35,-20.0,-12.24,-0.25
568.0,-13.27,9.88,-36.33,-22.87,-16.33,-9.18,2.58
569.0,-11.65,9.95,-34.8,-20.73,-14.33,-7.03,4.61
570.0,-9.06,10.38,-33.45,-19.68,-12.89,-5.84,6.64
571.0,-8.18,11.52,-35.0,-19.15,-11.68,-4.35,9.06
572.0,-6.66,12.45,-37.55,-19.49,-10.85,-3.16,10.31
573.0,-8.42,13.12,-39.76,-20.64,-11.46,-3.32,11.13
574.0,-8.88,13.44,-40.32,-21.23,-12.66,-3.28,10.88
575.0,-12.1,12.95,-42.6,-22.05,-13.82,-4.96,8.98
576.0,-12.36,12.53,-40.77,-23.28,-15.04,-6.5,8.12
577.0,-11.71,12.99,-44.14,-26.26,-17.75,-8.91,6.36
578.0,-13.91,13.84,-48.25,-31.49,-22.85,-12.27,5.0
579.0,-23.45,14.43,-54.55,-37.66,-28.57,-17.36,0.93
580.0,-32.03,14.48,-61.05,-44.0,-35.2,-24.46,-4.55
581.0,-38.35,13.45,-65.38,-50.7,-41.79,-32.1,-14.27
582.0,-44.03,12.21,-67.95,-56.31,-48.38,-38.8,-22.38
583.0,-50.08,11.77,-70.2,-60.91,-52.82,-43.54,-27.45
584.0,-53.33,11.51,-71.59,-63.16,-55.08,-46.02,-29.23
585.0,-54.4,11.56,-72.45,-63.06,-55.81,-46.31,-28.93
586.0,-49.95,11.65,-72.05,-61.64,-54.98,-45.01,-28.28
587.0,-47.15,12.0,-71.22,-59.31,-52.37,-41.87,-25.37
588.0,-45.53,12.39,-67.41,-55.41,-48.45,-37.89,-20.2
589.0,-39.1,12.82,-64.07,-51.8,-43.82,-33.65,-16.26
590.0,-33.2,13.07,-61.9,-48.21,-39.95,-29.83,-12.85
591.0,-30.1,12.8,-58.59,-45.32,-36.37,-26.91,-10.0
592.0,-28.97,12.71,-57.08,-43.37,-34.14,-24.94,-8.64
593.0,-30.38,12.59,-55.47,-42.01,-32.97,-24.15,-7.65
594.0,-29.81,12.4,-53.81,-40.44,-31.42,-23.0,-7.17
595.0,-26.35,12.24,-52.89,-39.41,-30.08,-22.33,-6.36
596.0,-23.46,12.31,-52.63,-38.66,-30.17,-21.37,-5.54
597.0,-24.04,13.01,-55.45,-39.71,-30.81,-21.44,-5.64
598.0,-27.53,14.98,-63.57,-43.86,-33.52,-23.15,-5.36
599.0,-33.05,16.15,-70.08,-48.31,-37.31,-25.74,-7.06
600.0,-41.35,16.78,-73.57,-52.33,-40.77,-28.83,-8.57
601.0,-41.23,16.95,-74.09,-54.52,-42.45,-30.7,-9.11
602.0,-39.41,16.81,-73.0,-54.43,-42.55,-30.39,-9.43
603.0,-37.95,16.28,-68.81,-50.98,-39.42,-27.9,-6.89
604.0,-33.99,15.84,-64.22,-45.16,-34.12,-22.97,-3.89
605.0,-24.09,15.68,-59.74,-40.22,-29.06,-18.35,1.52
606.0,-16.31,15.58,-54.45,-35.68,-24.75,-13.5,5.39
607.0,-14.29,16.12,-51.81,-32.17,-21.88,-9.7,9.76
608.0,-15.19,16.8,-53.77,-31.21,-20.07,-8.15,11.59
609.0,-17.77,17.28,-55.56,-32.12,-19.24,-8.37,11.14
610.0,-17.66,17.15,-55.27,-32.75,-19.7,-8.79,11.62
611.0,-18.6,16.77,-54.79,-32.07,-19.42,-8.86,11.2
612.0,-18.19,16.47,-50.73,-29.85,-19.33,-7.7,12.23
613.0,-12.57,15.51,-47.95,-28.04,-17.48,-6.81,14.36
614.0,-9.02,15.23,-45.9,-27.33,-17.2,-5.97,13.27
615.0,-11.31,15.61,-49.26,-29.04,-18.48,-8.16,11.9
616.0,-16.78,15.93,-52.51,-35.12,-25.27,-13.78,11.02
617.0,-29.38,15.95,-63.77,-46.98,-36.4,-25.23,-1.98
618.0,-43.34,16.58,-80.29,-61.3,-50.99,-38.53,-15.26
619.0,-65.34,15.37,-91.09,-73.91,-64.67,-54.73,-29.53
620.0,-78.36,13.46,-102.94,-85.11,-76.74,-67.57,-50.42
621.0,-86.36,12.08,-112.6,-95.23,-86.67,-78.77,-65.02
622.0,-93.0,12.48,-120.27,-102.82,-94.0,-86.26,-72.53
623.0,-100.28,13.93,-127.93,-109.6,-99.83,-90.33,-75.59
624.0,-103.58,15.27,-135.2,-115.7,-104.54,-93.81,-76.75
625.0,-105.54,16.51,-141.8,-120.77,-108.89,-97.65,-78.3
626.0,-110.96,17.1,-145.08,-124.03,-112.05,-99.68,-79.51
627.0,-114.62,17.5,-145.85,-125.2,-113.61,-99.89,-78.39
628.0,-111.96,17.31,-144.64,-125.93,-113.73,-101.05,-79.49
629.0,-109.41,17.0,-142.4,-124.42,-113.04,-100.76,-78.67
630.0,-108.5,16.3,-139.23,-121.5,-111.13,-98.84,-77.27
631.0,-105.76,15.43,-135.73,-118.52,-109.26,-97.57,-76.97
632.0,-103.04,14.5,-132.62,-118.06,-108.56,-97.16,-77.72
633.0,-102.54,13.89,-130.58,-118.24,-108.91,-98.1,-78.76
634.0,-105.6,13.89,-131.68,-120.23,-110.3,-99.3,-80.24
635.0,-109.52,13.46,-131.5,-120.32,-111.08,-99.87,-81.89
636.0,-111.27,13.21,-130.66,-119.86,-111.25,-99.14,-82.25
637.0,-105.13,13.06,-128.74,-117.83,-109.42,-98.7,-80.26
638.0,-101.37,13.05,-126.54,-114.81,-105.86,-95.99,-76.84
639.0,-99.09,12.66,-122.27,-110.95,-101.88,-92.49,-74.11
640.0,-93.77,12.56,-118.89,-107.59,-98.34,-88.83,-71.38
641.0,-92.11,12.31,-117.12,-103.76,-95.19,-85.48,-70.11
642.0,-89.12,11.82,-113.29,-99.76,-91.22,-82.32,-69.06
643.0,-85.33,11.21,-109.57,-96.53,-88.7,-80.09,-67.71
644.0,-82.43,10.92,-107.94,-95.56,-88.23,-79.34,-66.86
645.0,-82.73,11.36,-108.46,-96.03,-88.0,-79.12,-66.01
646.0,-86.64,11.91,-111.24,-97.07,-88.55,-79.19,-65.26
647.0,-88.13,12.12,-110.28,-96.62,-87.84,-78.57,-64.36
648.0,-86.44,12.0,-109.73,-95.19,-87.06,-77.76,-64.12
649.0,-80.26,11.49,-107.42,-94.01,-86.18,-76.97,-63.97
650.0,-79.87,10.7,-104.18,-93.21,-85.55,-77.04,-64.27
651.0,-82.42,10.02,-101.78,-92.46,-85.26,-77.53,-64.56
652.0,-85.15,9.95,-102.03,-92.02,-84.43,-77.1,-64.95
653.0,-84.29,9.68,-101.24,-91.02,-83.36,-76.59,-65.36
654.0,-78.18,9.34,-100.85,-90.44,-83.58,-77.09,-64.37
655.0,-77.24,9.44,-101.75,-90.9,-83.9,-77.38,-64.69
656.0,-82.73,9.32,-100.19,-90.86,-84.04,-77.31,-65.37
657.0,-85.16,9.56,-101.08,-91.0,-83.7,-77.08,-65.49
658.0,-83.48,10.22,-101.13,-90.39,-83.28,-75.87,-62.83
659.0,-78.4,10.39,-100.7,-89.13,-81.32,-74.04,-61.79
660.0,-75.27,10.06,-99.68,-87.64,-80.73,-73.75,-59.23
661.0,-77.61,9.81,-98.33,-87.31,-80.48,-73.42,-60.36
662.0,-79.27,9.9,-98.78,-87.47,-81.19,-73.73,-60.7
663.0,-80.2,9.8,-98.23,-87.42,-80.63,-73.36,-61.26
664.0,-79.29,10.52,-98.1,-86.57,-79.18,-72.12,-58.05
665.0,-75.05,11.0,-96.27,-84.64,-77.0,-69.21,-54.91
666.0,-72.45,11.2,-94.27,-82.15,-74.25,-66.42,-52.32
667.0,-69.86,11.13,-91.93,-78.78,-70.69,-63.03,-49.63
668.0,-66.7,10.94,-88.32,-75.99,-68.21,-60.2,-47.26
669.0,-62.58,10.29,-84.49,-73.55,-66.47,-58.84,-45.49
670.0,-61.52,9.72,-81.92,-72.38,-65.96,-58.79,-44.03
671.0,-61.93,9.59,-82.02,-72.55,-66.06,-59.55,-44.05
672.0,-65.68,9.57,-81.74,-72.97,-66.67,-59.72,-46.24
673.0,-67.22,9.74,-81.36,-72.25,-65.97,-58.5,-44.54
674.0,-62.65,10.04,-80.52,-70.46,-63.92,-56.8,-42.32
675.0,-56.98,10.72,-78.97,-67.85,-61.0,-53.47,-37.17
676.0,-53.47,11.36,-75.68,-64.29,-56.97,-48.34,-31.91
677.0,-50.13,11.92,-72.88,-60.86,-53.1,-43.78,-28.58
678.0,-45.5,12.69,-71.16,-57.77,-49.28,-39.58,-23.07
679.0,-42.18,13.85,-69.92,-54.74,-45.45,-34.73,-17.32
680.0,-38.49,14.87,-68.34,-51.45,-41.25,-29.52,-11.34
681.0,-34.08,15.65,-65.6,-48.06,-36.76,-24.38,-7.72
682.0,-28.89,15.92,-62.78,-44.22,-32.08,-19.57,-3.0
683.0,-24.49,15.71,-58.91,-39.61,-27.29,-15.81,0.28
684.0,-21.33,15.09,-54.18,-34.22,-22.94,-11.85,2.3
685.0,-17.8,14.34,-48.48,-29.24,-18.6,-8.82,5.69
686.0,-12.64,13.03,-43.42,-25.45,-16.08,-7.13,7.27
687.0,-9.14,11.55,-38.51,-22.57,-14.75,-7.0,8.08
688.0,-11.45,10.67,-35.65,-21.23,-14.65,-7.52,7.06
689.0,-13.04,10.51,-35.26,-21.93,-15.08,-8.6,6.05
690.0,-15.63,10.79,-38.45,-23.39,-15.93,-8.98,5.46
691.0,-15.7,11.37,-39.48,-23.53,-16.02,-8.68,4.6
692.0,-13.48,11.83,-40.7,-24.1,-15.88,-7.85,4.74
693.0,-12.46,12.18,-40.23,-23.49,-14.88,-7.17,7.16
694.0,-12.35,12.52,-40.33,-22.33,-13.93,-5.78,9.32
695.0,-10.64,12.74,-40.06,-22.29,-13.45,-5.84,11.94
696.0,-9.93,12.54,-39.79,-22.43,-14.17,-7.0,11.44
697.0,-11.83,12.35,-39.88,-23.86,-15.94,-8.36,10.96
698.0,-15.58,12.29,-41.55,-26.46,-18.41,-11.01,9.53
699.0,-19.13,12.33,-43.08,-29.26,-21.33,-13.26,7.21
700.0,-21.36,12.4,-45.84,-32.0,-24.52,-16.28,5.95
701.0,-23.27,12.41,-48.71,-34.77,-27.39,-19.47,1.3
702.0,-26.99,12.34,-51.37,-37.43,-29.63,-21.7,-1.27
703.0,-30.02,11.87,-53.21,-39.32,-31.48,-24.1,-6.94
704.0,-31.23,11.56,-55.74,-41.55,-34.32,-26.38,-10.96
705.0,-31.93,11.63,-60.16,-45.69,-38.56,-30.69,-14.17
706.0,-36.72,12.53,-67.85,-51.77,-43.86,-35.72,-18.26
707.0,-48.33,12.46,-73.27,-56.52,-48.95,-40.98,-22.56
708.0,-57.75,11.99,-77.85,-61.5,-53.95,-46.1,-30.29
709.0,-56.95,11.61,-83.5,-67.58,-58.64,-51.23,-39.31
710.0,-58.02,12.96,-89.66,-73.2,-63.52,-55.24,-39.49
711.0,-64.8,14.19,-95.64,-75.85,-65.99,-57.13,-41.34
712.0,-68.05,15.76,-106.24,-80.46,-69.81,-59.74,-43.3
713.0,-71.56,16.02,-108.95,-85.97,-74.65,-64.16,-45.37
714.0,-80.14,15.47,-109.0,-89.43,-78.49,-68.2,-49.16
715.0,-82.33,14.27,-110.18,-90.99,-81.26,-71.23,-56.13
716.0,-83.25,12.71,-108.96,-93.19,-84.46,-75.22,-61.86
717.0,-82.13,11.03,-106.72,-94.96,-87.28,-78.64,-65.65
718.0,-86.11,10.15,-105.52,-95.66,-88.55,-80.76,-68.33
719.0,-90.18,9.81,-105.46,-95.63,-88.32,-80.95,-68.74
720.0,-88.93,9.81,-104.74,-93.65,-86.85,-79.49,-67.32
721.0,-82.33,10.29,-102.44,-90.76,-82.89,-76.03,-64.18
722.0,-76.68,9.87,-99.27,-85.39,-78.22,-71.83,-61.05
723.0,-70.14,8.63,-92.39,-79.65,-73.99,-68.32,-58.22
724.0,-66.7,8.33,-87.2,-76.09,-70.97,-65.4,-54.27
725.0,-65.99,9.44,-83.16,-72.72,-66.87,-60.32,-45.6
726.0,-63.32,10.97,-79.63,-69.07,-61.79,-53.62,-36.97
727.0,-52.01,11.39,-76.64,-64.47,-56.98,-48.21,-32.54
728.0,-44.27,12.38,-73.99,-61.35,-53.65,-43.71,-26.47
729.0,-43.98,14.11,-75.58,-58.59,-49.65,-39.27,-20.83
730.0,-44.3,15.77,-76.73,-58.36,-47.61,-36.99,-16.93
731.0,-43.81,14.96,-76.78,-56.68,-46.96,-36.82,-18.13
732.0,-41.74,14.34,-76.91,-55.19,-45.84,-36.93,-19.73
733.0,-40.02,14.07,-77.77,-55.62,-46.17,-37.42,-20.78
734.0,-42.07,12.88,-76.0,-55.71,-47.71,-39.53,-23.41
735.0,-49.78,10.91,-70.43,-56.04,-49.49,-42.08,-26.15
736.0,-50.09,10.21,-69.99,-57.0,-50.13,-43.55,-30.18
737.0,-48.25,9.49,-70.58,-58.28,-51.55,-45.28,-33.25
738.0,-47.66,8.0,-68.08,-58.33,-53.08,-47.62,-35.58
739.0,-52.7,7.47,-68.42,-59.55,-55.17,-50.39,-38.4
740.0,-56.43,7.56,-71.27,-62.35,-57.96,-53.09,-40.99
741.0,-58.79,7.9,-75.6,-65.93,-61.16,-56.26,-43.71
742.0,-61.79,8.35,-79.93,-69.33,-63.76,-58.47,-47.53
743.0,-64.82,8.95,-83.65,-72.78,-66.39,-60.5,-49.84
744.0,-67.33,9.53,-87.32,-76.05,-69.07,-62.11,-50.84
745.0,-69.88,10.21,-90.82,-79.16,-71.69,-64.3,-52.07
746.0,-71.14,10.81,-92.85,-81.71,-73.75,-65.58,-52.48
747.0,-73.88,11.09,-94.39,-83.38,-75.25,-66.78,-52.67
748.0,-73.75,11.21,-94.79,-84.35,-76.34,-67.45,-52.95
749.0,-74.38,11.27,-93.77,-84.02,-75.27,-67.36,-51.82
750.0,-74.08,11.12,-92.75,-81.51,-73.32,-65.32,-50.6
751.0,-68.3,10.7,-90.54,-79.26,-71.22,-63.23,-50.33
752.0,-65.75,10.14,-88.45,-76.41,-69.03,-62.08,-49.68
753.0,-65.13,9.74,-85.12,-73.65,-66.84,-59.84,-48.78
754.0,-63.7,9.99,-83.39,-72.01,-65.44,-58.41,-45.28
755.0,-61.85,9.74,-81.81,-70.62,-63.88,-57.69,-42.6
756.0,-59.1,9.15,-80.41,-68.34,-62.28,-56.15,-43.32
757.0,-58.67,8.65,-78.2,-65.82,-60.09,-54.65,-43.29
758.0,-57.34,8.29,-74.9,-63.51,-57.76,-52.76,-42.26
759.0,-53.97,7.98,-72.19,-61.68,-55.73,-50.56,-40.67
760.0,-50.83,8.28,-69.9,-59.36,-53.6,-48.14,-38.3
761.0,-49.19,9.39,-68.65,-57.02,-51.02,-44.89,-31.34
762.0,-47.72,10.18,-66.67,-54.29,-48.05,-40.85,-26.67
763.0,-41.61,10.55,-65.02,-52.35,-45.46,-38.11,-22.64
764.0,-39.17,10.6,-62.98,-49.93,-42.52,-35.71,-21.61
765.0,-39.26,10.2,-60.15,-46.59,-39.57,-32.88,-21.5
766.0,-36.3,9.78,-57.3,-43.58,-36.74,-30.41,-18.89
767.0,-32.18,9.25,-53.96,-39.97,-33.47,-27.86,-17.48
768.0,-27.3,8.83,-49.14,-36.28,-30.07,-24.48,-14.2
769.0,-23.7,8.72,-44.96,-32.27,-26.51,-20.48,-10.41
770.0,-20.71,8.85,-40.62,-28.57,-22.95,-16.59,-5.68
771.0,-16.21,9.36,-36.7,-25.05,-19.34,-12.41,0.45
772.0,-12.24,9.65,-33.34,-22.03,-15.68,-8.76,4.81
773.0,-8.0,9.32,-29.97,-19.47,-13.09,-6.43,5.74
774.0,-6.3,9.02,-28.85,-18.24,-11.75,-5.5,5.77
775.0,-8.56,9.14,-29.26,-17.93,-12.14,-5.57,5.33
776.0,-9.1,9.35,-30.76,-19.55,-13.26,-6.93,5.17
777.0,-12.76,9.52,-33.06,-21.89,-15.09,-8.51,4.17
778.0,-13.68,9.66,-34.57,-22.65,-15.93,-9.56,3.18
779.0,-14.49,9.66,-36.23,-23.77,-17.07,-10.7,1.96
780.0,-13.01,10.2,-38.78,-25.63,-19.2,-11.66,1.15
781.0,-15.3,10.96,-42.45,-28.25,-21.05,-13.44,0.43
782.0,-20.86,11.62,-46.82,-30.45,-23.02,-14.84,0.01
783.0,-23.36,11.87,-48.82,-32.84,-25.44,-16.56,-2.96
784.0,-22.74,11.74,-50.84,-36.29,-28.56,-19.61,-5.59
785.0,-26.25,11.63,-54.36,-40.04,-32.96,-24.05,-10.44
786.0,-31.59,11.87,-61.27,-46.76,-38.97,-30.02,-15.69
787.0,-41.56,12.46,-72.15,-55.67,-47.34,-38.98,-23.61
788.0,-54.67,13.48,-87.77,-66.76,-57.78,-49.15,-33.61
789.0,-67.49,13.35,-96.99,-78.04,-68.73,-59.41,-44.85
790.0,-79.84,12.08,-102.8,-86.19,-77.96,-69.53,-56.52
791.0,-86.47,10.82,-106.83,-91.03,-83.72,-76.89,-64.92
792.0,-87.48,9.95,-107.39,-95.07,-87.58,-81.15,-69.51
793.0,-86.61,10.48,-112.01,-97.59,-89.93,-83.41,-71.38
794.0,-88.16,11.22,-116.26,-99.52,-91.83,-84.98,-72.14
795.0,-93.19,11.18,-118.5,-100.71,-93.22,-86.46,-73.3
796.0,-95.67,11.11,-119.16,-101.48,-94.26,-87.34,-74.88
797.0,-93.05,10.78,-117.79,-102.47,-95.37,-87.66,-74.96
798.0,-92.37,10.08,-114.68,-102.23,-95.41,-88.18,-75.73
